t,x,y,yaw,u,w
0.405,0.0,0.0,0.0,0.0,0.0
0.455,0.001395426655036763,2.4992222428882726e-06,0.00716402997085169,0.03488577670394729,0.17910074975004464
0.505,0.0031396215596817202,1.9993457592562024e-05,0.016119067434416295,0.034885721903933686,0.17910074975004464
0.555,0.0052803079788631,6.0283251706457196e-05,0.025041241738229986,0.044805370129147974,0.17827917074971308
0.605,0.0075196970761460605,0.00012276431870319635,0.03395520025210596,0.044805298728063166,0.17827917074971308
0.655,0.010228123813889066,0.00022199868744307718,0.04280271624109223,0.056554981644427765,0.17661810761439392
0.7050000000000001,0.013052919820689561,0.00035097971566373803,0.05163362159885597,0.056554893706905925,0.17661810761439392
0.755,0.016001448224681202,0.0005107775631103234,0.06042323475093737,0.059682894504369144,0.1755858024643304
0.805,0.018979618754959928,0.0006993464364273647,0.0692025248515982,0.059682799817936144,0.1755858024643304
0.8550000000000001,0.02275130816438543,0.0009708170850705725,0.07783510321367217,0.07961572835244991,0.17191800897197748
0.905,0.02671916271724564,0.0012912637476898065,0.08643100364109946,0.07961560991990782,0.17191800897197748
0.9550000000000001,0.03113232275523564,0.0016847101857567239,0.0949065493039076,0.0908630020713807,0.16890913983465228
1.005,0.03565383319756714,0.0021274577109645872,0.10335200627556092,0.09086287590569393,0.16890913983465228
1.055,0.04060923282480708,0.0026535954077329138,0.11166092845010812,0.1018659366763808,0.16549576988314169
1.105,0.04566927456447997,0.0032345354984168744,0.11993571692537881,0.10186579652799822,0.16549576988314169
1.155,0.09087026217595569,0.008638340599414243,0.11123604601301167,1.1126086693039487,-0.25886571663111413
1.205,0.1461815680192548,0.01458461068762556,0.09829276025373501,1.112604929597484,-0.25886571663111413
1.255,0.1620458248851091,0.016156606013826468,0.0884289686414323,0.12039887157470566,-0.18187836201255636
1.305,0.16804374658268106,0.01667079588941568,0.07933505056587317,0.12039867382661387,-0.18187836201255636
1.355,0.2132432399630536,0.019726765615059958,0.07156401477723397,1.1167283079499357,-0.16264548574793364
1.405,0.268014234042267,0.022914792210428095,0.06468827698402654,1.096309096039511,-0.13078070497231686
1.455,0.28319764876644915,0.023698061786004754,0.0614716101158088,0.12944553513061163,-0.1434120256858138
1.505,0.28872702570621134,0.02401970228878574,0.0584987158710185,0.10987901789800156,-0.047360799814798224
1.5550000000000002,0.33423195854578136,0.02606420744943203,0.054032563590082044,1.1353560253952155,-0.13692853035172703
1.605,0.38999079140431225,0.02843857280638664,0.04885340399567911,1.115204335405194,-0.09777232692883478
1.655,0.4058590211502743,0.02900166200259399,0.04634696511020231,0.14155649650321842,-0.13050083772219628
1.705,0.4119984642835354,0.029246599789474373,0.04388174846338993,0.12197532102435625,-0.034376756052737496
1.755,0.45814618807097124,0.030769914339009247,0.040518556922461875,1.1475743131499718,-0.12584306291085776
1.8050000000000002,0.5145496228500366,0.032555674548773735,0.036524192381702986,1.1276543991416224,-0.07396837919389762
1.855,0.5307528086000379,0.03295127581955389,0.034542775639545206,0.14665488030550286,-0.11983086725337139
1.905,0.5371503180441248,0.03312645569833699,0.03247019979079764,0.12706517475216905,-0.023664311012619545
1.955,0.5838536553547261,0.034248545176046405,0.02987864772204198,1.1597010456222587,-0.12053646938430587
2.005,0.6408834629961361,0.03556945275023058,0.02669095053772284,1.1399357133765609,-0.05576125548583091
2.055,0.6579749325461247,0.035854956609506904,0.024948058937502,0.1657016089962473,-0.1178653188026049
2.105,0.6653265440012286,0.035994527711822905,0.022951159686025638,0.14610673703751145,-0.021673096568354443
2.155,0.7127035224540443,0.03677802445284162,0.02090467050277117,1.1714800465564006,-0.11792050086819991
2.205,0.7703346437172865,0.03769399387061679,0.01829295180411561,1.1518126914458773,-0.04051691426338816
2.255,0.7880073593323019,0.037878996763713285,0.016738676319450866,0.1772034706951185,-0.11674629944088294
2.305,0.7959353669193762,0.037976334605995865,0.014788430227255242,0.15760557052536184,-0.02053903037745963
2.355,0.8438837467951813,0.03846287975200645,0.013103716959299443,1.1827108034904,-0.11850821399570505
2.4050000000000002,0.9020836831819667,0.03901581557361689,0.010844705112684892,1.163099426154152,-0.02777836459593342
2.455,0.9203062584061013,0.03911529965512955,0.009363715014374463,0.18809142429678627,-0.11933943618381274
2.505,0.9287794632406878,0.03917179281468772,0.007334656930754134,0.16849192073793454,-0.023124049757565816
2.555,0.9772502216678018,0.03939710315781924,0.005793162455811167,1.192951301788868,-0.12279713253140895
2.605,1.0359659759629554,0.039618608701073345,0.0036006232225212938,1.1733511919130677,-0.026579686263919756
2.6550000000000002,1.0546964485621424,0.03964970134005081,0.002077735902642536,0.1982027549917967,-0.1242893759901125
2.705,1.0636755736550136,0.03965924434901655,-0.00011844083205472705,0.1786027004145666,-0.028071197782288712
2.755,1.1126472217377263,0.03964241553583053,-0.0017453361645753433,1.2029157103407697,-0.1288764757823598
2.805,1.171861828340789,0.03953359635163943,-0.004111475463878862,1.183315596815248,-0.03265898090230907
2.855,1.1910591813976437,0.039495002408947454,-0.005785979791474987,0.20738373908319194,-0.129849104970078
2.9050000000000002,1.2004971518737748,0.039445835582589385,-0.008181135670640117,0.18778434069559002,-0.03363388030984941
2.955,1.2464116994890635,0.039150028877659476,-0.010092023292398725,1.1242368125575775,-0.13490415101552497
3.005,1.3016892113184897,0.038654365988163124,-0.012830459672906965,1.1046379989011186,-0.03869343918660733
3.055,1.3204236144704875,0.03850080943458703,-0.01475885078329339,0.21551563123570291,-0.13483411907379284
3.105,1.3302671046453638,0.038373622197499006,-0.017347030851384997,0.19591851101424246,-0.03862980330325994
3.155,1.3698240552545853,0.037804246730353555,-0.019593881792672328,0.9633827097140449,-0.1388278177940512
3.205,1.4170520617555888,0.036967973205502005,-0.022701344180209262,0.9437725343841532,-0.045798022278978764
3.255,1.4344389666801214,0.03668741740268169,-0.024816081509415767,0.22212045549599038,-0.136341657057665
3.305,1.4446103625740867,0.03646612062899096,-0.027483449481637442,0.20252778452319026,-0.04015881737927224
3.355,1.4789846740667376,0.03567893115545225,-0.029947849303771104,0.8323525033643735,-0.13894897822648083
3.4050000000000002,1.5196513826681526,0.03458697866489939,-0.03327579790403358,0.8126862403100932,-0.05398246925764483
3.455,1.5359754615432608,0.034186592535498835,-0.03550267405418235,0.22843099511399043,-0.1357763131926582
3.505,1.5464585066486365,0.033858736727951894,-0.038189699814290136,0.20884519594995904,-0.03962691334299989
3.555,1.5765066014906717,0.03291680084400563,-0.04076408564286618,0.7228566000895423,-0.13555946531962906
3.605,1.6116868820086392,0.031653684039291356,-0.044171655887768724,0.7030945146405942,-0.05927035402254671
3.6550000000000002,1.626984496317928,0.031161030726984444,-0.04630001956617326,0.23030404418709047,-0.12808524985842418
3.705,1.6375559886892155,0.030742548740170524,-0.04876097876400219,0.21072726100350053,-0.03197986966358622
3.755,1.6641100708892327,0.029708123098768927,-0.05135490640486143,0.6352951757552922,-0.1303496491222504
3.805,1.6949002606729702,0.02834559970705808,-0.05476131545582439,0.6154111205025508,-0.06186922154101461
3.855,1.709586001379068,0.027758268520627342,-0.0569053049236945,0.23709235671230688,-0.12478505555823155
3.9050000000000002,1.7204899672789757,0.027229605084677384,-0.0593276550950859,0.21750105749587084,-0.030801888589730195
3.955,1.7438634064029577,0.02616219761140506,-0.06185266801394381,0.5543390476513728,-0.1214336866882905
4.005,1.7705946564372566,0.024784428116377415,-0.0651100358236664,0.5342991620607603,-0.06100436191613895
4.055,1.7845739212282161,0.024144331649167315,-0.06710925037744063,0.23987971718704373,-0.11563828266535833
4.105,1.7956094012840236,0.02353731149638159,-0.06931774555257102,0.2201684043462703,-0.03058453644704043
4.155,1.8163106115541303,0.022506896245789092,-0.07163222710492047,0.48706959569881864,-0.10711670680798893
4.205,1.8396690710539616,0.021191491447133275,-0.07458832788095697,0.46681384707782164,-0.05687674479677225
4.255,1.8530393842863722,0.02053139658405467,-0.07640477634249257,0.2416831295407481,-0.10523387930053518
4.305,1.8641567572785558,0.019871386734199976,-0.07840226838354046,0.22179170838492923,-0.030753566372807285
4.355,1.8826755423655785,0.018882707015489053,-0.08057635290298809,0.43233128740877996,-0.09801516636127323
4.405,1.9032895175382458,0.017628628089016902,-0.08333523746873214,0.4119047969551395,-0.05354461880426233
4.455,1.9161312191283348,0.016975806372584654,-0.08493194373975806,0.2422180606572599,-0.09080998126092338
4.505,1.9272669590955196,0.016304256301394628,-0.08665437023678928,0.2220694591664889,-0.029275265727586878
4.555,1.943866642842691,0.015417505748962989,-0.08857341182938047,0.3842983839411457,-0.08396332797105749
4.605,1.9620739894261536,0.014289871765895249,-0.09101845586808421,0.3636470753000093,-0.04759187402892002
4.655,1.97442662837854,0.013678126525040956,-0.0923967058585202,0.242324552338299,-0.07641411346077234
4.705,1.9855596905482764,0.013020231634185052,-0.093904236976028,0.22189139811878816,-0.02739333979842729
4.755,2.000481665643127,0.0122837691770903,-0.09547685995441124,0.3424317445711513,-0.06399072856446546
4.805,2.016593299153192,0.011339598864376181,-0.09748743869491876,0.3214880138449052,-0.039271050107857454
4.855,2.0284747361340454,0.01080638828361056,-0.0986388679592889,0.24116100237408913,-0.06042615060871494
4.905,2.0395427298474886,0.010199987736025115,-0.09995309552059888,0.2204080070613225,-0.024404115366595782
4.955,2.0529998664873346,0.009589820646382858,-0.10121499250719147,0.30615150837063343,-0.05041783224638445
5.005,2.067297361885526,0.008792928703613706,-0.10284587575798336,0.28500377803545485,-0.032424051538996995
5.055,2.0787250800544106,0.008353014199419969,-0.10376296235882135,0.23900255173182397,-0.0410594517749346
5.105,2.089679555195515,0.007826617624212625,-0.10485072056159093,0.2178874144905792,-0.020087377225058437
5.155,2.101862405757081,0.00735857123218722,-0.10565553262364927,0.27483813218110936,-0.03099254280572404
5.205,2.114596246255443,0.006725542802133659,-0.10670414427555702,0.25341752336791584,-0.023517070103791095
5.255,2.126355909249177,0.006300554455221668,-0.10739109761215306,0.23577128398190653,-0.0205734250029488
5.305,2.1371453330869556,0.005831792096043238,-0.1080392618459269,0.2142952112027593,-0.014719669006638812
5.355,2.148200629223355,0.005475683206648355,-0.10832275070694446,0.24740198142292052,-0.01022272800183624
5.405,2.1595670885986955,0.004971455009129487,-0.10867950808909556,0.2257916935781333,-0.010222728001850612
5.455,2.1701126435507336,0.004661656707886531,-0.10869273538421066,0.23169512130943123,0.0004999883312392372
5.505,2.18069804082458,0.004220704332091034,-0.1086757357809407,0.21008488386551688,0.0004999883312248551
5.555,2.1909922065322296,0.003919205821619373,-0.10842213356279119,0.2292982305477805,0.011055321898224772
5.605,2.2014589224762173,0.003484520263770402,-0.10805957618965147,0.20770003683272648,0.010993046577346649
5.655,2.2116241180766485,0.003174791635517691,-0.10758745846433922,0.22663410712914495,0.021912785043536803
5.705,2.2219595251884336,0.0027369163065898397,-0.10693034652048784,0.20523150273253402,0.013397652708119634
5.755,2.267407578549451,-0.0016734169216497691,-0.07503547303903968,1.1151870819309784,0.8975388650401386
5.805,2.3221238416691996,-0.005144056388804637,-0.034720605604008845,1.0955590331355822,0.801395213680192
5.855,2.3410099184207525,-0.005816130314791283,-0.0043204342947627955,0.22184480859374264,0.6738899532199056
5.905,2.3511706214912182,-0.005762386879747505,0.024803951620049842,0.20224657045215097,0.5776940976699515
5.955,2.3988067963522104,-0.0040904735574068,0.04992420242609482,1.1643559634834801,0.5977608968271512
6.005,2.4559945173182625,-0.0007231251658315396,0.0752501746145243,1.1447941451508752,0.5017944275428974
6.055,2.4750989784655526,0.0008136687752980213,0.09643704445714121,0.216168879941266,0.5180613739228962
6.105,2.4849187983823007,0.0019262166129406127,0.11779491608769734,0.1967023509182601,0.4224822881940407
6.155,2.5337038592315726,0.00807748790561977,0.13631027459160053,1.203528770192951,0.4588621756608735
6.205,2.592339113856051,0.01636366876932777,0.15588224639776074,1.1829289289685645,0.3993287867571046
6.255,2.6112026063309943,0.019376910583603166,0.17172698574055018,0.20503992101340865,0.4029615439911159
6.305,2.6203640770456333,0.02117782397876483,0.18737687800316724,0.18578172618701966,0.3083945547686178
6.355,2.668289521010924,0.029948150353892474,0.20431956444673582,1.1982945341081912,0.35946487423519763
6.405,2.7259552391817192,0.04151094695200415,0.22229280796496143,1.174847904111004,0.3594648742351608
6.455,2.7439653754201974,0.04553353582284439,0.23450915322625748,0.19093397371326018,0.31391756210946403
6.505,2.752312006417471,0.04778388362760468,0.24576458208949045,0.17192225643392467,0.22055869653849544
6.555,2.798886227399728,0.059138477932316504,0.2585458814017152,1.183050685142968,0.27722340721639993
6.605,2.8550735603863315,0.07358467685848341,0.27240705167376256,1.158895513077993,0.2772234072163629
6.655,2.872082112750643,0.07828504670104969,0.28137365944311876,0.17496944560421543,0.2459461816501488
6.705,2.879549450731854,0.08066807848645,0.28955738760139965,0.1561850420362071,0.1537061857715849
6.755,2.9250415454452083,0.09386146472562372,0.2996090188451133,1.173531368807728,0.2219711435397971
6.805,2.980111019091359,0.11044755985335271,0.3107075759765328,1.1488746466271602,0.22197114353976025
6.855,2.9961756661681345,0.11546705124342711,0.3176928557567128,0.15798832310448616,0.1960567496934429
6.905,3.002744020892924,0.11773715572972007,0.3239957105679289,0.13815996272068312,0.12020945499187007
6.955,3.0466497883228842,0.1320706535343778,0.331979068300902,1.1491344925547495,0.17661956527806616
7.005,3.0999850068772448,0.1500190056322048,0.340810046541849,1.1241087271727523,0.17661956527802936
7.055,3.1152424069953466,0.15517113086049364,0.34655211302289024,0.14728839251693804,0.1601935588741367
7.105,3.121233999455078,0.15729043370074527,0.35179772402801024,0.12607339699194756,0.10106533963750772
7.155,3.163912687492901,0.17250909535020925,0.35843597958700607,1.1306810972533663,0.1469309019119726
7.205,3.2158759119521436,0.19153516377684598,0.3657825246693879,1.1053659173604258,0.14693090191193575
7.255,3.230169074236375,0.1967022645190626,0.3707036893377201,0.13010161823262495,0.13917439920606228
7.305,3.2352980011403556,0.19857803470235955,0.3752741929798691,0.10827359246273291,0.08618632356362434
7.355,3.2767567554631,0.21445723585125423,0.3810494218124388,1.1125833504185783,0.1284338799291528
7.405,3.3274221966331163,0.23432046886237182,0.3874711158000688,1.0870296066513492,0.12843387992911606
7.455,3.341255297609377,0.2396276905113437,0.3917716570451218,0.12576166409502493,0.12050136331274999
7.505,3.3461330425695595,0.24148660074828318,0.3957296894138352,0.10336518187484525,0.07494799408390017
7.555,3.3864985965367436,0.25788814790970693,0.4008851323782498,1.0935378912748102,0.11410712053329933
7.605,3.4358703744842183,0.2783857445571248,0.4065904883987244,1.0677837029346924,0.11410712053326263
7.655,3.4487575613587595,0.2836073180160376,0.4102800797670926,0.10801701661125845,0.10696959130201375
7.705,3.452776982540882,0.2852023829112124,0.4136421966815265,0.08539196768321752,0.0638509803336699
7.755,3.4919541944557566,0.3019464216672057,0.41824341171241347,1.0741109805476072,0.10302453630900864
7.805,3.540063447228152,0.3229090883628738,0.42339463852330755,1.0481882673575802,0.10302453630897208
7.855,3.5510782110159758,0.32767810286953486,0.4261139470738189,0.06433304549273869,0.09767214867501606
7.905,3.553075324027077,0.32857782236134175,0.4284417910852339,0.04308092553909054,0.039101967650924135
7.955,3.5908790821839585,0.34543113764387784,0.4324649982962924,1.0544565321413477,0.09511612772756818
8.005,3.637783273716449,0.36666961120237807,0.4372208046790852,1.0284007735569207,0.09511612772753163
8.055,3.647829955189809,0.3712556982141873,0.4394163761404841,0.044642856275580144,0.09175200398723926
8.105,3.6489185704877136,0.3718574838562711,0.4411851530321258,0.024211260271416086,0.026691334080709422
8.155,3.685602093859222,0.38879617396488936,0.4448908243304727,1.0346882850709826,0.09005481915465241
8.205,3.7313373904009595,0.41019680652811386,0.4493935652851624,1.0085193663070318,0.09005481915461598
8.255,3.7408186742531284,0.4146779012798328,0.4512549666990168,0.03365328741855579,0.0874623415332275
8.305,3.741482986851823,0.4151033739248455,0.45265099171671735,0.014166518892857008,0.017774973050169045
8.355,3.7751279674925873,0.4310910018106294,0.45615576218111403,0.957852449309714,0.08647353243394171
8.405,3.817163423170382,0.45131616125433494,0.46047943880011705,0.93158383913267,0.08647353243390536
8.455,3.82546037513894,0.4552888323453172,0.46182015725899633,0.004909977388674831,0.08420803167727058
8.505,3.825484764005236,0.45532999760240184,0.4625341457941863,-1.0580127678183321e-30,-1.4625151445000237e-29
8.555,3.8567387324177242,0.470534203059613,0.4658726228709262,0.896459496481993,0.08346192696694019
8.605,3.895826964133405,0.489791243421817,0.47004571921685045,0.8701074392212866,0.08346192696690383
8.655,3.9033825118959506,0.4934419797482678,0.47139896796364045,-0.015378654565771924,0.08213833873177029
8.705,3.9031779077787383,0.4932932635166497,0.47217696787544794,-2.1432660665411947e-13,4.068594072759172e-14
8.755,3.93208830730572,0.5076855021270036,0.47540459218637127,0.8350138999571352,0.08069060781684667
8.805,3.9682534411866426,0.5259116162326483,0.4794391225750246,0.8085823500207113,0.0806906078168104
8.855,3.974900560592111,0.5291517390105047,0.48112206441584804,-0.035210211513809375,0.074097230447731
8.905,3.9742304829391655,0.5287274694619273,0.48236066699042074,-0.014071780407459666,0.016496642091683042
8.955,4.0010791356365525,0.5424178566416968,0.48549535208779365,0.7820349368703835,0.07738457005627951
9.005,4.034708796660439,0.5597763453832251,0.48936458058867677,0.7555218606879904,0.07738457005624329
9.055,4.0401926374796036,0.5626076163131127,0.49133417564735166,-0.0550059773890416,0.07351012440311562
9.105,4.038699309682751,0.5618677476768567,0.49299693680464857,-0.03232497909561989,0.029383517407390855
9.155,4.0629489812390895,0.5745724186565884,0.49598280608207357,0.7170151864626223,0.07126007214672227
9.205,4.093529285164453,0.5907385908834382,0.4995458096879017,0.6904212266222101,0.07126007214668614
9.255,4.097731978231951,0.5930717632517895,0.501852940907277,-0.0746384166431214,0.06566387286777771
9.305,4.095392388865497,0.5919974828538405,0.5040121796254495,-0.05012706128700487,0.041969040029230714
9.355,4.118940561625434,0.6047058996133272,0.5065348745900249,0.7061204612282299,0.05653552184971544
9.405,4.148866721012358,0.6209315357499762,0.509361650681758,0.67945112502191,0.05653552184967939
9.455,4.152273809151255,0.6229837172703279,0.5118334063403832,-0.09395145971561893,0.057248662649055065
9.505,4.149111000601066,0.6215403436678072,0.514315123674463,-0.06748232295535053,0.05464421990496777
9.555,4.171014904054682,0.6336851271760662,0.51676551103829,0.6677183553309451,0.05156030571486042
9.605,4.199096722234388,0.6492730624938527,0.5193435263234617,0.6409749428042933,0.051560305714824436
9.655,4.201496142944072,0.6508522070718643,0.5216532857650868,-0.11290206381881297,0.04567231856744983
9.705,4.197534881149661,0.6489608852906771,0.523905743984034,-0.08612574333668659,0.04567231856748576
9.755,4.218185198707918,0.6606955591435465,0.5259974263294402,0.63977444785143,0.04124864597137182
9.805,4.2449081895193785,0.6758435758823279,0.5280598586277165,0.6129685626959206,0.04124864597133591
9.855,4.246421429477619,0.6769350020786865,0.5298748710867827,-0.13127651182278713,0.03506314998885943
9.905,4.241690562241218,0.6745453018173004,0.5316280285860461,-0.10444565884221726,0.03506314998889527
9.955,4.261277481415453,0.6858700692234938,0.5332319038736509,0.6162081511790652,0.031331094696368605
10.005,4.286871583282109,0.7006138880695139,0.5347984586083417,0.5893553134505041,0.03133109469633278
10.055,4.287573650829652,0.7012352772764772,0.5361567698162308,-0.1488234854394449,0.02612500652525801
10.105,4.282109224764887,0.6983623854174184,0.5374630201424191,-0.12195249696765181,0.026125006525293815
10.155,4.293045456829737,0.705223689749177,0.5595967480909101,0.8424942667685643,1.1229144532525668
10.205,4.327422161150806,0.7277234792551087,0.6132470117292611,0.8207751802807142,1.0705960184941337
10.255,4.3314859788970725,0.730451643207989,0.6621535124635791,-0.086104519170477,1.109560296468012
10.305,4.328132310417786,0.7277527558954441,0.7112035536807845,-0.08609990892116247,0.9739206032410845
10.355,4.351053165374836,0.7481992127018368,0.7582287364460072,0.8184927982470809,0.9508118386533185
10.405,4.3794012148971495,0.7758553459156855,0.8057693247971107,0.7907429813322981,0.9508118386532863
10.455,4.3869453409703265,0.7836875302732051,0.8429448402117159,0.07800181821401411,0.8344337486056457
10.505,4.389507413974631,0.7866277447968031,0.8782198069980615,0.07799957054670309,0.6988966116247092
10.555,4.409413269214843,0.811462936168582,0.9138259140915781,0.804988642855258,0.7377956138556415
10.605,4.4326840204172155,0.8426892756050175,0.9507156931109718,0.777626042548789,0.7377956138556123
10.655,4.4413429542469816,0.8545950715385284,0.9786570262521533,0.18588264652708583,0.6447955133462695
10.705,4.4464660323369545,0.8618834628802781,1.0049337213360694,0.1776071065844955,0.5189016185620229
10.755,4.463277195659579,0.8892591224012444,1.032698639301959,0.7882400712016709,0.5817223055405049
10.805,4.482228368282118,0.9223558670640594,1.0617847537587544,0.7615600862938791,0.5817223055404782
10.855,4.490681372417159,0.9372395933663827,1.0846284665630894,0.260510545144679,0.5055885282876662
10.905,4.496626693347623,0.9478654081984961,1.1060574404254364,0.24298660864983918,0.41968136679644213
10.955,4.510742049845445,0.9771258649556298,1.1279556052262654,0.7816185140735932,0.4527512022527441
11.005,4.526300927196565,1.0116255397633855,1.1505931649522079,0.755719903753729,0.45275120225272
11.055,4.533819338467692,1.028761514533782,1.1686394678237664,0.3040059910485121,0.4062693165696622
11.105,4.53947453089757,1.041849462943059,1.185536505205107,0.2847499209922636,0.32787137568157715
11.155,4.5512560007601826,1.0725211289552492,1.2025898451948802,0.7806920386054503,0.3508343836889173
11.205,4.564170381751591,1.1080862061096421,1.2201315641994002,0.7555469956440056,0.35083438368889514
11.255,4.570635444968892,1.126742538725923,1.2340884043670561,0.3309766079702754,0.31682710918899437
11.305,4.575641684664642,1.1414533505745716,1.2471544763416984,0.30992277219316694,0.25610641809277024
11.355,4.585504087807483,1.1730349956079027,1.260346394158349,0.7785343490057541,0.2730240501341795
11.405,4.596302567129382,1.2092211522454026,1.2739975965802597,0.7540561815483866,0.273024050134159
11.455,4.601801669022751,1.2286268528560238,1.2844281987495008,0.3418340937292169,0.24489127272647007
11.505,4.60610134270631,1.2441061719211504,1.2942473913937322,0.3203022807827119,0.19247057250154556
11.555,4.614501238199595,1.2764248434293552,1.304208770998045,0.7829388814166788,0.20761923668328314
11.605,4.623757596051582,1.3132918082540452,1.3145897327949194,0.7590100673105206,0.20761923668326382
11.655,4.628313071369244,1.3328567324185634,1.3225673893109238,0.3388123830395757,0.186804824017457
11.705,4.631867286996282,1.3483567203200402,1.32998550263461,0.317047759062916,0.14346748132984555
11.755,4.639013871040771,1.3808208173663785,1.3377140874244327,0.7795109493926113,0.16133519597976445
11.805,4.6469874000746625,1.41783443166922,1.345780847205923,0.7560308375965636,0.16133519597974613
11.855,4.650800913873036,1.4377412713392081,1.3522276507049513,0.3444183097071142,0.1410896785524651
11.905,4.653758035325483,1.4536285402944857,1.3582983221716618,0.3220043933838278,0.11906805483757003
11.955,4.659949498653305,1.486396822575434,1.364128420504329,0.7804275809728535,0.11998432735289283
12.005,4.666952333392125,1.5236720692090624,1.3701276368647761,0.7573135041141895,0.11998432735287536
12.055,4.670175168793187,1.5436804995209124,1.3750901163171025,0.34452555227492504,0.10391674855351045
12.105,4.672650668520741,1.5596519126984818,1.3798549340907298,0.3217725865547693,0.09808073032826925
12.155,4.678103688043154,1.5926068478455697,1.3840685601318798,0.7814552291429765,0.08482911198596468
12.205,4.684374208533159,1.6300791867249411,1.388310015728634,0.7586235035387783,0.08482911198594781
12.255,4.688732881092751,1.6587428145719514,1.3922158707946244,0.3422786063687759,0.07134536374482306
12.305,4.690851468475343,1.6746568567490734,1.395637309938509,0.3195628423289144,0.07134536374480648
12.355,4.695756527536593,1.7077266071056334,1.398465035400693,0.7824813859504196,0.054853676955503944
12.405,4.701500672441063,1.7453460202023798,1.4012077192477808,0.7598544632257701,0.054853676955487526
12.455,4.703976113246839,1.7652970730974578,1.4034689291420013,0.3389623937237212,0.04311186796612029
12.505,4.705859256741124,1.781079407619161,1.4056093617172705,0.31640617209151367,0.043111867966104014
12.555,4.7104245204968995,1.8142200726025965,1.4073060600880287,0.7836830902276571,0.0318612490446655
12.605,4.715851537442701,1.851953957760943,1.4088991225401275,0.7611800256045504,0.03186124904464932
12.655,4.718149450175816,1.8718256501848691,1.410077032328072,0.3359833391381571,0.021482432438941934
12.705,4.719901091857835,1.887478239510221,1.4111511539499761,0.31351680657585407,0.021482432438925874
12.755,4.724282713113921,1.9206245451874921,1.4118469768038528,0.783833561478886,0.012024963237522363
12.805,4.729547560883016,1.9583923689974,1.4124482249657218,0.7613880617859253,0.012024963237506294
12.855,4.7317638391969306,1.9782098755796962,1.4127372960000597,0.3342832332540278,0.004220535049127783
12.905,4.733462563022838,1.993784867183112,1.412948322752516,0.3118459152719776,0.004220535049111728
12.955,4.7377923106442035,2.026940153794606,1.4128445669589451,0.784275355054708,-0.0036490286015543882
13.005,4.743031732948057,2.0647344113743595,1.4126621155288672,0.7618334162617793,-0.003649028601570439
13.055,4.745235285212259,2.084483550114935,1.4122322239576148,0.33243478038596,-0.009835032130997484
13.105,4.746931449003023,2.099965357344955,1.4117404723510691,0.3099778307948647,-0.009835032131013582
13.155,4.7513089738595395,2.1331017896367466,1.410965646265675,0.7845756639398606,-0.01651482812856267
13.205,4.756631508620776,2.17089791945032,1.4101399048592658,0.7620926755799895,-0.016514828128578796
13.255,4.76041852272927,2.200064164692253,1.4091527932637486,0.3575975869328349,-0.02458333758484857
13.305,4.762372060751867,2.2167788289929575,1.407923626384568,0.33507874762554046,-0.024583337584864782
13.355,4.766928632834886,2.250142946630994,1.406565145321545,0.7845072157528583,-0.02803408956132472
13.405,4.772428096117602,2.2879066194502773,1.4051634408435707,0.7619437867764237,-0.02803408956134101
13.455,4.774779984961688,2.3075564902908585,1.4036272577059707,0.33052606315365685,-0.031396056052714505
13.505,4.776607007736406,2.322920026966217,1.4020574549034643,0.30791280219386535,-0.0313960560527309
13.555,4.781326719289274,2.3559926058213896,1.4002903338546189,0.7847623573535704,-0.03632901221261517
13.605,4.787076157057846,2.3937268525041957,1.3984738832441872,0.76209180005466,-0.03632901221263167
13.655,4.789567336875692,2.413343449588004,1.396553522675818,0.33022650787058094,-0.03900390682655028
13.705,4.791509221291384,2.428671971698396,1.3946049256646065,0.30749441141427764,-0.03900390682656692
13.755,4.796500315635579,2.46176886507741,1.3924928275229076,0.786604542547024,-0.04305750552254131
13.805,4.80257159604696,2.4995397279465617,1.3903399522471136,0.7638049703558076,-0.043057505522558104
13.855,4.805076926455142,2.5182479361824903,1.388129394409065,0.3074479490496033,-0.04529588682135871
13.905,4.806954322925947,2.532431578948184,1.3858917239653996,0.28457851234807546,-0.04529588682137562
13.955,4.8122064720659585,2.565248303328233,1.383510574274319,0.7873825059369429,-0.04916106816520366
14.005,4.818636140283559,2.602992200122723,1.3810525208665534,0.7644374371690114,-0.04916106816522077
14.055,4.82045070327452,2.616432699712785,1.3793034337352197,0.1740059694249641,-0.05009715025473879
14.105,4.82132936692944,2.6240421261337823,1.377584177998853,0.15157284416555408,-0.034609612204767395
14.155,4.826667944436148,2.6555432499571605,1.3753222345071674,0.7877726991775631,-0.05190585419548943
14.205,4.833419546383119,2.6932443754816777,1.3727269417979746,0.7646989324562927,-0.051905854195506834
14.255,4.834836862048826,2.7023602694675506,1.37177297473291,0.06422329212679306,-0.05493756597600716
14.305,4.835098736815321,2.7045769354384572,1.3711221352830678,0.04304868182565722,-0.00584877356686283
14.355,4.840583087346345,2.7351475105206005,1.3688030004544405,0.7925404023329875,-0.0579029842917311
14.405,4.847638119776096,2.7730304623427395,1.365907851240663,0.7693624733245127,-0.057902984291748665
14.455,4.848799654789248,2.779431178146545,1.364888460369048,-0.04799181073567299,-0.0614809608642633
14.505,4.8485854565039235,2.778013363668455,1.3642278643988517,-0.027169339206432757,-0.0038076820391448342
14.555,4.854312961355434,2.808191214437949,1.3617895056126974,0.7962014773112626,-0.06093657220823823
14.605,4.8616800546062,2.846195832806555,1.3587426770032283,0.7729151789070328,-0.06093657220825608
14.655,4.8625845508409995,2.849846492952237,1.3571617561473475,-0.11836614625623207,-0.06226273651777306
14.705,4.861927601766754,2.8449942275461937,1.3557692502164929,-0.09650693836607227,-0.025817018108890654
14.755,4.867906809954475,2.8745821563756033,1.353194259006401,0.8001459800004352,-0.06182993462732431
14.805,4.875651576615433,2.912706419141702,1.350102762276019,0.7767306084862701,-0.061829934627342396
14.855,4.876131279833303,2.9135685558333226,1.3476591335957522,-0.19132902687180375,-0.05927659936311325
14.905,4.874834867518207,2.9051718368158252,1.3452439054322556,-0.16819888667969038,-0.050823749162963484
14.955,4.881072947638395,2.934165784567168,1.3426026258928736,0.8050174011251194,-0.05732283200157509
15.005,4.889283388826354,2.9724338351159605,1.3397364842935797,0.7814495785526471,-0.057322832001593535
15.055,4.889807677396419,2.973298944373199,1.3374258997988195,-0.1924484925989715,-0.05188752144302333
15.105,4.888445111791021,2.964869918816553,1.3351593126517158,-0.16881522420901454,-0.05186472110832469
15.155,4.8950374798860175,2.993972051419397,1.3327756858794946,0.8098708242487225,-0.050617557846379974
15.205,4.903685891736292,3.0323851839440543,1.3302448079877165,0.786165586811637,-0.05061755784639868
15.255,4.904302935066576,3.033517573908565,1.3281868864199444,-0.18675475942709943,-0.04432527593877367
15.305,4.902944788838747,3.0253856986636274,1.3261845276116127,-0.16299148353921628,-0.04432527593875482
15.355,4.909887518564301,3.0547331748253352,1.3241361971490033,0.8164316094230863,-0.04273227518723802
15.405,4.918950845238701,3.0933813890074773,1.3219995833899665,0.7926087701677039,-0.04273227518725703
15.455,4.919681656349418,3.094820366796086,1.3204877827043595,-0.1804423120757344,-0.028897601065829503
15.505,4.918361157425275,3.087011388994396,1.319111557784203,-0.15657872368537146,-0.028897601065810418
15.555,4.925249313018165,3.1152485845327327,1.3175575134552588,0.7875333091805883,-0.03245887461112021
15.605,4.93420356951117,3.152433238639848,1.3159345697248446,0.7636249952409385,-0.03245887461113943
15.655,4.934941249232898,3.153891734171785,1.3144722992005944,-0.17266633304762133,-0.031025800391936142
15.705,4.933660901155282,3.146472481672207,1.313021031042121,-0.14871728994019617,-0.031025800391916845
15.755,4.9402329184355045,3.1728211899337886,1.3116461209847918,0.7379297063327073,-0.027835301294199366
15.805,4.948772865394207,3.20755041316937,1.3102543559201716,0.7139421045470401,-0.027835301294218726
15.855,4.9494887648025365,3.2088634101652462,1.3091742192443026,-0.16398416245605815,-0.02133815169401118
15.905,4.948287094291649,3.2018748893587023,1.3081575655922297,-0.13996753095152203,-0.021338151693991746
15.955,4.956494420292057,3.2323364671962898,1.3571438278799082,0.8404155015694004,1.3274421458069015
16.005,4.964593962329967,3.2726310187922474,1.4190280045742476,0.8209724505235774,1.2324337782750667
16.055,4.9652789432764814,3.275251593678789,1.4781164504562598,-0.1352759938519074,1.3292817215216803
16.105,4.964780474482338,3.268507247110541,1.5378942745278716,-0.13526539914764069,1.1882736705374735
16.155,4.965047922171906,3.3015637236662525,1.5988442640359557,0.8808827814992606,1.34709630950272
16.205,4.962935587501234,3.3446185122317065,1.6616356632502018,0.8612898618599778,1.2512164366524294
16.255,4.962052284248302,3.3548388711552115,1.7146319287894294,0.04383327186090771,1.1723741107748047
16.305,4.961702609628989,3.3570021982387,1.7666382159171192,0.043830636355386116,1.0337924345515572
16.355,4.9538328067042,3.3923113075613744,1.8137899702057156,0.9135723010693422,1.0379328031550217
16.405,4.94217760411478,3.4355422720889828,1.8612720213955032,0.8947489147953902,0.9455995985591832
16.455,4.937500722090012,3.4503717647022683,1.9014511368824814,0.17747784076705883,0.9148368947969643
16.505,4.934515317236683,3.4582622546067507,1.9411155512091762,0.16833582823466375,0.7868111742566865
16.555,4.92010047741879,3.4939842334352895,1.9783709938433796,0.945144131181171,0.8079703826352467
16.605,4.901374063639372,3.53620701607217,2.016583298449855,0.9213231669842845,0.7785198440315347
16.655,4.893497293772959,3.5523135461044486,2.047337510521596,0.23066878407704286,0.7112974548926942
16.705,4.888112501560948,3.5620449035556705,2.07686057417229,0.22209237601110532,0.5841302266389358
16.755,4.868619507787538,3.596841834156905,2.1072165344914215,0.9708261976784923,0.6303413157636355
16.805,4.844324466287382,3.637380053293967,2.1387335992360472,0.9437411838882247,0.6303413157636
16.855,4.834191507576478,3.653294118134588,2.164027828486926,0.25790808765649176,0.5541191580416254
16.905,4.827367665593973,3.6632956159071153,2.1878678540942444,0.24307022517934113,0.4625479024909318
16.955,4.803875642929747,3.6961367448435998,2.211624117905765,0.9804086423343369,0.48544919363911454
17.005,4.775195784941611,3.734270731342859,2.235896577111048,0.9528788650599771,0.4854491936390803
17.055,4.762828964451376,3.749744168590852,2.255666914757944,0.2833169516625222,0.4269453699671495
17.105,4.754274261152142,3.7597306947183946,2.2746058863009844,0.2620301491148208,0.3757092710031891
17.155,4.72765470614472,3.7906960987617513,2.2930590548578085,0.9874094950799199,0.373575094427524
17.205,4.6957273500220085,3.8266120265141463,2.3117378093619534,0.9597114324711147,0.3735750944274907
17.255,4.6822733592532275,3.8413554103075014,2.3289370276793457,0.29194738175405277,0.3365976418229861
17.305,4.673110798605601,3.850969447139306,2.345766909611596,0.2642286372668616,0.33659764182295343
17.355,4.644333462270819,3.8800408260578956,2.3604363384802056,0.989508862962463,0.28258631393447925
17.405,4.609975123911864,3.913786017724171,2.3745656540829048,0.9617910282697605,0.28258631393444705
17.455,4.5954387459272255,3.9277091987431687,2.3872344216503225,0.2956804471845865,0.2460726124136308
17.505,4.585556758730713,3.936860047220912,2.39953805220892,0.26798701117649154,0.2460726124135991
17.555,4.5552601481346855,3.964306794466162,2.4106080018166454,0.9878931791388701,0.21523058823100638
17.605,4.519302814887327,3.9962248095744615,2.421369531186652,0.9602311700357389,0.21523058823097507
17.655,4.504065163823776,4.009421870291352,2.4310232099510296,0.29673270983374883,0.18753432280903137
17.705,4.493721192619773,4.018134470162113,2.440399926064001,0.26911179390556517,0.18753432280900045
17.755,4.462440057107573,4.0441977383669245,2.4487710779050778,0.9834101180753687,0.16239521581895255
17.805,4.42545560152925,4.074573968273951,2.4568908386781807,0.9558306536366585,0.16239521581892197
17.855,4.409704897781579,4.087201196654996,2.4640839361179308,0.2984582194440818,0.13922863235313437
17.905,4.398988124288874,4.095598738195847,2.4710453677243422,0.2709219607483273,0.139228632353104
17.955,4.36709759191109,4.120534975424535,2.4772752097990294,0.9770074112735978,0.12093889398254569
18.005,4.329508708840149,4.149646768993024,2.483322154490786,0.9495117960964372,0.12093889398251562
18.055,4.316609688179659,4.159358862451215,2.4887167402440395,0.19890183908304937,0.10462992046800527
18.105,4.309630810180036,4.1644559991794265,2.4939482362626673,0.17144571205433784,0.10462992046797548
18.155,4.278204559597514,4.187862442870282,2.4986667880690594,0.9693445762182669,0.0918063151311248
18.205,4.240302450214372,4.215932434596852,2.503257103822391,0.9419248177250026,0.09180631513109526
18.255,4.231271461232521,4.222526053076118,2.506449352236308,0.07396380312436708,0.08050885180237392
18.305,4.229223479828724,4.223984377321679,2.5094234105117246,0.04905152582594485,0.05819276962418466
18.355,4.19871905921306,4.246043152446702,2.5127830761416203,0.9609197738299657,0.0734346841576676
18.405,4.160760757687984,4.273326270676095,2.516454810347854,0.9335561185705472,0.07343468415763832
18.455,4.153581023764649,4.278405615611547,2.5178700608755222,-0.029055431942383664,0.0679076301278309
18.505,4.154029938421114,4.278045841486412,2.5188741164209043,-0.008254605855002166,0.012710242036155802
18.555,4.123909192715868,4.299406440803452,2.5215057832130645,0.9521381685185022,0.06534899811750078
18.605,4.086067470143951,4.3260995536609315,2.524773233117777,0.9248123216932633,0.06534899811747164
18.655,4.079491697229752,4.330665130656444,2.5267481129747966,-0.052273975640900805,0.06750601658205707
18.705,4.080696525920566,4.32979278015048,2.5285407482122078,-0.028555744519968874,0.03423351597162685
18.755,4.050766980424665,4.35056109852923,2.5314309916085156,0.9432039019297791,0.06768223244760631
18.805,4.013018366821344,4.3766110029583105,2.534815103229603,0.9159260749860152,0.06768223244757747
18.855,4.006766886559396,4.380906411484914,2.5370942546640336,-0.06120277122217158,0.06860295257532621
18.905,4.008354840400311,4.37985833287615,2.53923452694766,-0.03684471849859705,0.04127976888841463
18.955,3.9785642706467437,4.400055802717076,2.542270629443437,0.9342824851779923,0.06956391834450892
19.005,3.940893282293117,4.425432472651945,2.54574882535926,0.907060165014816,0.06956391834448032
19.055,3.9349712087562043,4.429449417943013,2.548322354319676,-0.07021676353432145,0.0706966349762532
19.105,3.9369525721549152,4.428222837492539,2.550803193409381,-0.04534723104514601,0.04834558158271405
19.155,3.9088493449116553,4.44678429063329,2.554021793014674,0.8785374048304232,0.07235662929893194
19.205,3.873192319310678,4.470161392763688,2.5576396244780426,0.8513790337707982,0.07235662929890357
19.255,3.8680039457994537,4.473629380459885,2.56051082197379,-0.0795544104909446,0.07369114334615498
19.305,3.870399667961511,4.472216762740616,2.56332149067035,-0.05427703494181835,0.05555144520763479
19.355,3.844256379022695,4.488991204651595,2.566733375756901,0.815256348745676,0.07538403380613837
19.405,3.810949731858094,4.510182335400962,2.5705025774454233,0.7881716471154774,0.0753840338061103
19.455,3.806552890698942,4.513079623021357,2.5736300598011757,-0.08841879299818006,0.07630575094994761
19.505,3.8093509850404037,4.511500140866318,2.576715237667119,-0.06280960694091414,0.06187137890038416
19.555,3.7848880630172492,4.526711598354072,2.5803169272940316,0.7609193889290818,0.07854595737494922
19.605,3.7535848254256536,4.545990688558977,2.5842442251607594,0.7339182746444479,0.07854595737492148
19.655,3.74992546910501,4.548373138408991,2.587619065376235,-0.0975522169064752,0.07920485252913854
19.705,3.7531452340464164,4.546628101474992,2.5909639638373805,-0.07167776618691972,0.06805664252983984
19.755,3.7301121728419813,4.560473282963441,2.5947467656305747,0.7147253899525813,0.0815243710218809
19.805,3.700494175061858,4.578085142982175,2.5988229841794115,0.6878184214906276,0.08152437102185352
19.855,3.697514262673496,4.580011114500718,2.602419466851134,-0.10665918072307815,0.0819165857090896
19.905,3.701162684437739,4.578112357490849,2.605993828504167,-0.08057698844322483,0.07371889325543507
19.955,3.6793762299174335,4.59074031965098,2.6099575271014683,0.6745363665967855,0.0846283560359007
20.005,3.651212309152439,4.6068675175572515,2.614188944900738,0.6477349495008384,0.08462835603587375
20.055,3.630191847939526,4.618911743900061,2.6385493067711066,0.4703797820378113,0.6434160829314856
20.105,3.610412487759337,4.629589899610773,2.668202214345926,0.448458497299808,0.59036902238399
20.155,3.581688509316172,4.643597229751265,2.6936539071155443,0.7174257973032003,0.49599543739609986
20.205,3.5501658388118598,4.657944900482221,2.71845367847693,0.6914973678465823,0.4959954373960759
20.255,3.5290660319639184,4.66711207106292,2.739033142580497,0.4271964499690464,0.4480102546224894
20.305,3.5102928873486863,4.674891143228399,2.7589141323118422,0.4053510254437219,0.394991380337281
20.355,3.4783075725334998,4.687008542244608,2.778162103657697,0.7833814625284057,0.3897402166075564
20.405,3.442542422165033,4.6997726757499745,2.797649114241406,0.7583142985920039,0.38974021660753433
20.455,3.422785785770232,4.706518030512341,2.81296959071478,0.35814206467786863,0.3459971309553992
20.505,3.40674226184445,4.711891884525622,2.827228449356804,0.33768277321295476,0.2778063858400379
20.555,3.372488543961377,4.722275218995597,2.841989692522725,0.8391533536928619,0.306824137891136
20.605,3.333271046450223,4.733530562934734,2.8573308992969286,0.8148391621714193,0.30682413789111584
20.655,3.3152605536840523,4.738603772531076,2.8683476771670806,0.28841901606823706,0.2773857572536267
20.705,3.3022934969284634,4.742290217096888,2.878477034686005,0.26903082014409113,0.1918682502235716
20.755,3.2687681093633714,4.750596474042976,2.8899440822673523,0.8242278903242131,0.24589869830967742
20.805,3.2297459456160027,4.759769966868199,2.9022390171208836,0.800537549027259,0.24589869830965863
20.855,3.2110563291164884,4.764004263769178,2.9108464359923167,0.3037269426774029,0.22327230880976787
20.905,3.1971951345882648,4.767180324593061,2.9186808843295498,0.2835648810793639,0.1497135665507457
20.955,3.163688363867746,4.774000484599412,2.927956670761667,0.8113191112618534,0.20110068942919812
21.005,3.1249483273345477,4.781542421252069,2.9380117051992403,0.7881595287896823,0.2011006894291806
21.055,3.105858259474202,4.785047002848698,2.944899479859247,0.31313198543750975,0.18307091100231854
21.105,3.0914286943768037,4.787725541255075,2.951133984048851,0.29268165926689776,0.11650523586348524
21.155,3.058042569501732,4.793342060581293,2.9587099340115093,0.8000559717932384,0.1652608564874145
21.205,3.01961889776168,4.799582110636368,2.966972976817074,0.7773477769744713,0.16526085648739788
21.255,3.000251314799271,4.802464857030008,2.9725535017507734,0.3201733836996681,0.15118997109819182
21.305,2.9853976829422257,4.804704485824574,2.9775657883487603,0.299505077922851,0.09302678185254408
21.355,2.952194328931585,4.809339786657946,2.9838632009468613,0.7896286240099955,0.13819963531632212
21.405,2.914120466376998,4.814524140228328,2.9907731827016795,0.7673055347435075,0.1381996353163063
21.455,2.894548490210555,4.816889823674548,2.995351534270187,0.3254643875182097,0.1272704670547648
21.505,2.879377000409056,4.818753948719863,2.9994508287207413,0.30468078887362215,0.07714667289399761
21.555,2.846307662777901,4.822597938573178,3.004642135747121,0.7820683853920104,0.11452849204095436
21.605,2.8084917107716363,4.826934445084531,3.0103685603429096,0.7600717407203894,0.11452849204093919
21.655,2.788782093900505,4.828864567102159,3.014108793356054,0.3298678019451283,0.10626121624476184
21.705,2.773351423732175,4.830401921100402,3.0174383245680363,0.3090339580411273,0.06332580968792027
21.755,2.7404282103033144,4.833597180617152,3.0218144589132114,0.7752607830459222,0.09761438358898245
21.805,2.702866757202613,4.837237937740773,3.026695178088785,0.7535425521101919,0.09761438358896785
21.855,2.683050746883847,4.838812432871157,3.029787678275948,0.3331995479774555,0.09106464664158476
21.905,2.667424250865641,4.840079964940362,3.0325312289133124,0.3124122692831989,0.05212845765214997
21.955,2.6346239426632945,4.8427406227262155,3.0362692339047985,0.769857689349234,0.08446920777372982
22.005,2.5972699588912813,4.84580459174668,3.0404926942909736,0.7483792728994982,0.08446920777371571
22.055,2.5773729131605685,4.8470850458920784,3.043060276726069,0.33580771262880843,0.07954331535287118
22.105,2.561593853089951,4.848130169441561,3.0453229059606435,0.31510594594419894,0.042858545238362425
22.155,2.5288492774723355,4.850349649597509,3.048692580505105,0.76670474247214,0.07784631929572527
22.205,2.491606009105724,4.852933170946567,3.052557098940743,0.7454392895667404,0.07784631929571158
22.255,2.4730224803637544,4.85388524197399,3.0545340971149213,0.30303147969653127,0.07113572944794938
22.305,2.4588586567011204,4.854643106707409,3.056183185870019,0.2825130357210766,0.030843308589465348
22.355,2.426547667889771,4.85647784853639,3.0590977848839604,0.763198626587305,0.07065344596881121
22.405,2.3894451020169005,4.858666931814766,3.062542245701433,0.7421119080650413,0.07065344596879784
22.455,2.375874509167269,4.859207871744351,3.0637720802160704,0.17779081326444446,0.06439718198810582
22.505,2.3679427133767326,4.85953553407692,3.064623599858357,0.15757371697633207,0.010626824991254466
22.555,2.3369106049165427,4.861063016477878,3.0670622745346834,0.7618820518017942,0.06310796719876463
22.605,2.299850570811319,4.862958633255215,3.0700836427443523,0.7409316064273492,0.06310796719875152
22.655,2.2905170902801166,4.863287449401105,3.0710038996716675,0.07171692311700913,0.062167410734489004
22.705,2.2878711368526434,4.86338777154515,3.071559031546782,0.051812865986949445,-3.5092913817892796e-17
22.755,2.2578733093465697,4.864717434265111,3.073813834303321,0.7620738154721167,0.06104500330582205
22.805,2.220785847642149,4.86637880912173,3.0766365128891735,0.7412427130922872,0.06104500330580916
22.855,2.213656687800735,4.866585464302018,3.07744070859385,-0.019362529555673906,0.06072893415295333
22.905,2.2139138061339114,4.8665631776373495,3.0779288927880475,-5.106914257195699e-20,3.923059933760496e-18
22.955,2.1842566823234764,4.867727084660618,3.0800325266249886,0.7635294030008393,0.060176038261800235
23.005,2.1470816149911216,4.869184120374371,3.082684775175594,0.7428442110842883,0.05719404014576273
23.055,2.142986811505876,4.869294947137973,3.0834501416240645,-0.10133221521723482,0.06013398692012764
23.105,2.1471139024285653,4.869179245052265,3.083984140932157,-0.08142776588919418,7.090421999536979e-17
23.155,2.118047285853661,4.870194920885188,3.085935328647795,0.7661907397065713,0.06001222005912449
23.205,2.0807264696687797,4.871470333527455,3.088411135789522,0.7456737231241578,0.05081654092219381
23.255,2.0794555996930817,4.871501519924636,3.089162626209001,-0.17272429297630096,0.05998441875064345
23.305,2.0871490200308225,4.871312313811674,3.0897703639687806,-0.1527398693112557,0.0023542196544246775
23.355,2.0586327846522887,4.8721948332520935,3.0915589990463928,0.7700294884312443,0.06028963410456209
23.405,2.0211091747876915,4.873308515958833,3.093842206181776,0.7496623561301633,0.04493024622360147
23.455,2.0219903643487687,4.873283639329669,3.094575252897267,-0.22755260121269189,0.06019056042842211
23.505,2.032424516121835,4.873053470258578,3.0952399431652067,-0.20758405342570918,0.004883882942130412
23.555,2.0042483780336817,4.873817370829639,3.096859471729744,0.7750328187066455,0.060994942569227883
23.605,1.9664654345193762,4.874789601605969,3.098935715973547,0.7547974261893294,0.03955819213659493
23.655,1.967088847349858,4.874760804342937,3.0995967617923648,-0.22234699924380716,0.06133201384237763
23.705,1.97726547424473,4.874561364495236,3.1002365783751133,-0.20244064931965278,0.003182697361741903
23.755,1.9487893235307132,4.8752288032554,3.10168768393463,0.7810836417894554,0.06256746232196916
23.805,1.9106963755661515,4.876085856072156,3.1035584182986296,0.7609625458019296,0.034971112969386625
23.855,1.9111326563327187,4.876050055416454,3.1041864894191407,-0.21917413616205403,0.06416658781656676
23.905,1.9211527691297134,4.875871694560773,3.1048464681629926,-0.19932845810531657,0.0023493876209446708
23.955,1.8923431233650454,4.876459922056441,3.106132978465423,0.7885051648206318,0.06495794986451026
24.005,1.8538729656706738,4.877222846526364,3.1078074322569282,0.7684841266600321,0.031065589290727006
24.055,1.8537639984270393,4.877187991987574,3.108396475218126,-0.20738819242746992,0.06595988376300843
24.105,1.8631967552866802,4.877038177580579,3.109057734979876,-0.18759100549376265,0.0009175771979460011
24.155,1.834942312345157,4.8775441394552015,3.110180060396978,0.7715665634553505,0.06938364056714369
24.205,1.7973134976943062,4.878210552253303,3.111668064371957,0.7516446083974996,0.027077194276512548
24.255,1.797016297358324,4.878170445793104,3.1122613861381416,-0.19844538343291543,0.07029590211278097
24.305,1.8060033540806268,4.87803842451807,3.1129842717368863,-0.17869815807850067,0.0006628420293651235
24.355,1.7796506077897878,4.878451393275522,3.113953376758781,0.7216846628368799,0.07441259884183049
24.405,1.7445107857133961,4.879004303110512,3.1152772999538167,0.7018529806940611,0.022412665580953246
24.455,1.7273037623414327,4.879251260849592,-3.1396866090894946,0.27805189631008115,0.8047145688071251
24.505,1.714334143839349,4.879068246845747,-3.104020463203257,0.2584578552737534,0.7085506523483417
24.555,1.6802469285114614,4.877379214708269,-3.0761457288284895,0.8118780941353442,0.6338350158605048
24.605,1.6406963365481413,4.874379072885758,-3.0490109982693046,0.7923483351669589,0.5380017735905243
24.655,1.6257682745576836,4.872857298043654,-3.024532755557416,0.20022063540595253,0.5910902688522508
24.705,1.6167665117056453,4.871610072576128,-2.9995117647089438,0.1808152263861778,0.4958028487531545
24.755,1.584094821012558,4.866501199263197,-2.9777377423164917,0.8045227849369695,0.533327784222454
24.805,1.545385805895998,4.859664284881929,-2.9555737552999632,0.7852516263888378,0.43872421577743753
24.855,1.5288631243952997,4.856306790982342,-2.936221426726313,0.24804822238878843,0.4858915858494333
24.905,1.5176684457430656,4.853702453997971,-2.9163936939349187,0.22894079578227897,0.3920536130898883
24.955,1.4851953901343928,4.846185091140885,-2.89707107439619,0.8010713402328298,0.45256228096243634
25.005,1.4473276737704404,4.8367197049873205,-2.8768501758048717,0.7795319765198983,0.4013103743192627
25.055,1.4299793790145845,4.831843466074643,-2.8605652833117494,0.27859283355840403,0.4080645438552929
25.105,1.4175467234220647,4.827913652476001,-2.844544985556812,0.2598494533487412,0.316007247289892
25.155,1.3852143541478783,4.8182884381860065,-2.826812330425985,0.8066806879510791,0.3769618027170368
25.205,1.3478697795207366,4.806500827071922,-2.8079642405133267,0.7817372639019466,0.37696180271699986
25.255,1.3305192027191628,4.800512688973058,-2.793635766901824,0.28761000465463266,0.3439520818003025
25.305,1.3179526491652946,4.795749828882907,-2.7799713382274778,0.2678400291749852,0.26926496966796276
25.355,1.2860753841895871,4.783999979206775,-2.7649767701411676,0.811898410456297,0.31482770039259167
25.405,1.2493326794439354,4.7698113576009815,-2.749235385251557,0.7862893806258384,0.31482770039255503
25.455,1.2366462661816742,4.764496036975401,-2.7378732250566378,0.17086774233068522,0.2886558296998065
25.505,1.2297318900446594,4.761236798851845,-2.7271940353220225,0.1525316232676,0.20403384715972667
25.555,1.199349522403619,4.7481104511255054,-2.7148240914032873,0.8194104852112456,0.26553827393164475
25.605,1.163057402504095,4.731924302664408,-2.7015471777847186,0.7933256587306796,0.2655382739316083
25.655,1.154146057942347,4.727692249693889,-2.69377742645142,0.06459753847353265,0.2446813689432431
25.705,1.151833381002878,4.7263354957844514,-2.686901862450943,0.054912721840398776,0.12106254757882967
25.755,1.1225763956797354,4.7122597221293905,-2.676888096792469,0.828156885339826,0.22983952202622138
25.805,1.0865594009442705,4.694497545160569,-2.665396120741748,0.8017505887156358,0.2298395220261851
25.855,1.0801986193288733,4.6915570572412495,-2.6594365072292607,-0.032337671285122625,0.21653785430326783
25.905,1.081133623186108,4.692246852858769,-2.654310109007164,-0.023678273886647335,0.08914578280259333
25.955,1.052442256139839,4.6773958531537225,-2.645814647455137,0.8394927094451112,0.20322828685667024
26.005,1.0165177082900154,4.6582389870793035,-2.6356532331472775,0.8128477678404792,0.20322828685663413
26.055,1.0128147929530167,4.656405492970037,-2.628121004146793,-0.1193484211605224,0.1930913212447793
26.105,1.0170752089482524,4.658882638787494,-2.6209801990679016,-0.09747033968932563,0.14018484648325075
26.155,0.9891468211218795,4.643125997287057,-2.612552565308873,0.8511001287749995,0.185354417763467
26.205,0.9534044255978515,4.6224705043060395,-2.6032848444472343,0.8242219562507211,0.18535441776343117
26.255,0.9504754741098094,4.6208560328252455,-2.5964409689358803,-0.1431146409120587,0.16579676722642406
26.305,0.9556555041860528,4.623992484922876,-2.5900064519094523,-0.11995885720512961,0.126679522830647
26.355,0.9280083681159276,4.607173372989955,-2.582712017496827,0.8640045340513632,0.1546577500823934
26.405,0.8923689845551339,4.585107490002041,-2.5749791300081206,0.8369456488329234,0.1546577500823579
26.455,0.8889202621490025,4.582990077707036,-2.568951661039197,-0.12963626905132608,0.1433528816650181
26.505,0.8934307006677357,4.58583778671397,-2.563161379962368,-0.10541640098417335,0.11483141502084143
26.555,0.8657165759230667,4.567905181035498,-2.556735827655261,0.876755321208459,0.13590394710205128
26.605,0.8301488239287426,4.544554852808687,-2.5499406303106174,0.8495545709936392,0.13590394710201598
26.655,0.8262117830676367,4.5419599213257005,-2.5445458832200916,-0.11663618723619412,0.1267447137068522
26.705,0.8300983545078026,4.544523962250936,-2.539323616829961,-0.09184222119555993,0.10352940183515155
26.755,0.804820886306722,4.527297369782683,-2.533545314724091,0.8129816047947237,0.1225548964091365
26.805,0.7724341945068307,4.504941599832617,-2.5274175699113037,0.7856677466887123,0.12255489640910149
26.855,0.7686338237976545,4.502318705263803,-2.522616792775944,-0.10320903913601312,0.11432147373519208
26.905,0.7719015639626992,4.504590315799821,-2.51797903820407,-0.07831949753992719,0.09183173012017762
26.955,0.7492325811264019,4.488429672022948,-2.512619298304213,0.7409682840122911,0.11502220679773653
27.005,0.720245259512229,4.4675094723927815,-2.5068681879706665,0.7135632614019536,0.11502220679770175
27.055,0.7166318968649679,4.464936142927744,-2.50261665602822,-0.08946810895036375,0.10477272822564135
27.105,0.7192884022771996,4.466903075658921,-2.498575052674798,-0.06487019589176449,0.07965453609551972
27.155,0.6983838172612853,4.451389099364393,-2.493779336591014,0.6925106678529698,0.10397298697999749
27.205,0.6717390651504329,4.431379647103552,-2.488580687246697,0.6650342436805088,0.10397298697996295
27.255,0.6681098601879332,4.428770930906636,-2.4848670904006784,-0.07547994741113986,0.10307648329565877
27.305,0.6701653739966329,4.430459440856219,-2.4813631425391787,-0.0519890758770387,0.06852616919463167
27.355,0.6421225603617098,4.40837225022643,-2.4385067169532526,0.9310589757522874,1.0582797500734482
27.405,0.6080597354024101,4.378610164108173,-2.3855927343880245,0.9033002106936536,1.0582797500734147
27.455,0.6008174146676083,4.3719089709968415,-2.3422859388114157,0.02465326916089519,0.9609689522528942
27.505,0.5999697010278106,4.371014201163806,-2.3006976173629106,0.024652302201874414,0.8250714310773881
27.555,0.5763285838318623,4.343617172017441,-2.2598632837696186,0.927574453270832,0.8332692525692461
27.605,0.5482533027444861,4.308364099666571,-2.2181998235518656,0.9000872041009427,0.8332692525692162
27.655,0.5397909311050542,4.297489215842755,-2.185961033269059,0.13143144787073954,0.728127543305374
27.705,0.5360501080026192,4.292552090385152,-2.1554928461427036,0.12325657257309314,0.6027085709196061
27.755,0.5162647503184506,4.261627657897841,-2.1245404342629737,0.9166045082962994,0.6403965940767067
27.805,0.49349652097880103,4.2233341356033565,-2.0925206056534367,0.8898251272249877,0.6403965940766798
27.855,0.4851451046999799,4.209024590986045,-2.0686400339036513,0.2063841813385463,0.5601095150899927
27.905,0.4802811706623152,4.20050326650118,-2.0461916570901018,0.1967970742130414,0.43681032044222745
27.955,0.4636326772969585,4.166915126629153,-2.0225651865479395,0.9180475614333525,0.4932295979643188
28.005,0.44485170771761084,4.126393119431002,-1.9979037071496846,0.8920780390392926,0.49322959796429466
28.055,0.43740215042785513,4.110341786899341,-1.9791173893029583,0.24193629077611722,0.4364859386475997
28.105,0.43267379398608874,4.10014427514305,-1.9614511501395087,0.22381115148578534,0.34759250737354436
28.155,0.4188614261194104,4.065091081508518,-1.9430282986128136,0.9152604598505197,0.3855720126945942
28.205,0.40341219592353716,4.023291851855579,-1.9237496982169224,0.8900867138474088,0.3855720126945719
28.255,0.3970540918400644,4.00597141545873,-1.9094277137645244,0.2610382554137876,0.34798363918511827
28.305,0.3928466443218102,3.9945738560565713,-1.8960475326591044,0.24246470950688298,0.25685833315348455
28.355,0.3813667182287535,3.9585448452889653,-1.881663051993764,0.9135046432878547,0.30470756400847343
28.405,0.36853871446803194,3.915922737238104,-1.866427673911219,0.8890403061351511,0.30470756400845295
28.455,0.3631168865594783,3.897361699396501,-1.855616980207254,0.2859278882597837,0.26660993330255195
28.505,0.3593677010004877,3.8845600575171018,-1.8457561828646292,0.2660098506869899,0.1899499571242324
28.555,0.34964099690554523,3.8474461334535364,-1.8346994530154648,0.9200953423120867,0.23635887022637633
28.605,0.3387397421306668,3.8039203017128176,-1.822881509559164,0.8962235513985786,0.23635887022635715
28.655,0.33418410901093004,3.7848015456396653,-1.814585176953698,0.29249199978039775,0.21117517275387454
28.705,0.33102340874786945,3.7715321947177576,-1.807032435613645,0.2719254252115257,0.14497938083327552
28.755,0.32272939625562774,3.733803265318738,-1.7983047208722653,0.92537606099544,0.1882948897716221
28.805,0.3133603209006084,3.6896266884665834,-1.7888899764115007,0.9019978557022463,0.1882948897716041
28.855,0.3095351978773684,3.670163953532534,-1.7823267266324179,0.2957868097750557,0.1699969304475431
28.905,0.3068954697784152,3.6566295524848225,-1.7763621760053991,0.27494585668155985,0.11094136746067582
28.955,0.2997639849041277,3.618431064975853,-1.7693284051941043,0.9298827726909502,0.15246890328758492
29.005,0.29163617229899896,3.5737590877571104,-1.761704960044493,0.9069185913976906,0.1524689032875678
29.055,0.2884128542618684,3.5541479784165504,-1.7563737252790355,0.2972802275059395,0.13908097957621418
29.105,0.28621462045609547,3.5404661164364843,-1.751551914805681,0.2761547120882775,0.09054745475240354
29.155,0.28005279568134556,3.5019788899456388,-1.7456771069828954,0.9340832601520066,0.1254323551449476
29.205,0.27295003579587057,3.4569019573502224,-1.7394054892338706,0.9114713616699164,0.12543235514493123
29.255,0.2702154085754656,3.437061456491318,-1.735046616530405,0.2999795545506984,0.11476619211158356
29.305,0.2683659643365965,3.423192389793635,-1.7311122250230129,0.2787037889380466,0.07552332166935968
29.355,0.262995187520101,3.3844125689640507,-1.7261169644305918,0.9350150009606911,0.11000451133251893
29.405,0.256775305625771,3.3391430095046464,-1.720616738869512,0.9127085177516031,0.11000451133250311
29.455,0.2544478289564817,3.3188950656686,-1.7169419640695813,0.3060937781784458,0.09542537985096886
29.505,0.25288090217044273,3.304682287068825,-1.7136467608396413,0.28477186578088226,0.06377468586582709
29.555,0.24816762698650044,3.2654873947553007,-1.7094266046720676,0.9417158530325118,0.0935928221282891
29.605,0.2426618467461358,3.2197746896898125,-1.7047469635690689,0.9196734090216895,0.09359282212827387
29.655,0.2406902693395782,3.1994742777216767,-1.7016811392525337,0.3050680735373313,0.08170809527124787
29.705,0.239385762937639,3.1852806790730446,-1.6989252741780856,0.2838323766315533,0.05309900418292618
29.755,0.23522332383740774,3.1456861938417853,-1.6953649354060927,0.952098313542568,0.07744757932951901
29.805,0.23029811163144928,3.099373889150838,-1.6914925564415515,0.9302807689897182,0.07744757932950418
29.855,0.2286151578624254,3.0791391873895284,-1.6889521878009048,0.29950181059316155,0.07321467656836142
29.905,0.22752786551307674,3.065198288079631,-1.686645875064681,0.27841975797411417,0.04420576772499681
29.955,0.2238440239496347,3.0254172316305814,-1.6833968575804508,0.9546196292217501,0.07422156153290121
30.005,0.21946817128944812,2.978913211135189,-1.6796857795055087,0.9330054320269061,0.07422156153288682
30.055,0.21801095814633834,2.9586643978773863,-1.6774187425593645,0.2985101988786636,0.07057797672408692
30.105,0.21706650561821486,2.9447536997287744,-1.6754062685964672,0.277627339953117,0.038367234672796985
30.155,0.21378645788546027,2.904497774738098,-1.6725765702478743,0.9655482753867062,0.06505827689970753
30.205,0.20986225014866877,2.8573961472284335,-1.669323656404036,0.944115047841462,0.06505827689969353
30.255,0.20861675486638587,2.83707384179966,-1.6674061574565682,0.2974461654165353,0.06456547661200002
30.305,0.2078215272079647,2.8232011717036056,-1.6657047764453545,0.27667785710627946,0.03219614666684299
30.355,0.20493162956110106,2.782805011992514,-1.6628457054771708,0.9683372702469892,0.06748755131741285
30.405,0.20146424241546435,2.7355193723071674,-1.6594713279125815,0.9470783089977955,0.06748755131739911
30.455,0.2003930930117267,2.715057180014104,-1.657689370877814,0.2997791056794741,0.06350881903107614
30.505,0.19969965941325785,2.701055211696852,-1.6561840909437169,0.2791745354288748,0.02804198890792435
30.555,0.19815206209128622,2.6737014155554055,-1.6542351143070175,0.979526193075698,0.06484864255771142
30.605,0.19505192270216132,2.6258223073126628,-1.6509926821802676,0.9584188355605388,0.06484864255769797
30.655,0.1941989293045264,2.607130960177099,-1.6495185399632748,0.25402533269396854,0.06500885347341634
30.705,0.19368731866210173,2.595399707835401,-1.6483692825959801,0.23366632411657728,0.019826918583273734
30.755,0.1914677234434075,2.5548095259935337,-1.645557457469205,0.9825143072937143,0.06887569396817747
30.805,0.18878344042992296,2.506748046149414,-1.6421136727721573,0.9615672675591388,0.06887569396816438
30.855,0.18827472790496871,2.494148402408798,-1.6409449986701694,0.10032042849872636,0.06784892734656861
30.905,0.1881167492387446,2.490075651701727,-1.640242330619564,0.08033719773871567,0.0017301986523307223
30.955,0.18620581317922494,2.450537039217952,-1.6374399051023218,0.9939689261112334,0.0702960398343527
31.005,0.18387427304745144,2.4018763001418,-1.6339653103854812,0.9731704660679381,0.07029603983433985
31.055,0.18353848819933136,2.3922798635680804,-1.632994942755405,-0.002169042080761442,0.07175484887448572
31.105,0.18354050569050465,2.392308639368819,-1.632544649542312,-1.0454148082273797e-30,-1.2494570593037523e-29
31.155,0.18190135986844286,2.353336941391009,-1.6296898167903657,0.9967284061472259,0.07522554553714708
31.205,0.17991069960417358,2.30451469990351,-1.626149820277535,0.9760737932446781,0.07522554553713452
31.255,0.17962545412171385,2.2948299150952876,-1.6251901542723293,0.0040947272250339666,0.07570535118223695
31.305,0.17962176242441794,2.2947746695331537,-1.624673283679792,-1.1108974452566899e-30,-1.2475699094430012e-29
31.355,0.17824508510092013,2.2559146935018273,-1.6219458833770204,0.9934846468296605,0.07913021829142788
31.405,0.1765750276527373,2.2072338006179915,-1.6185597054077099,0.9730831854602326,0.0673364174656484
31.455,0.17633489026478333,2.197529348821658,-1.6176009801276254,0.011220245215311179,0.0808455022599415
31.505,0.1763239214799434,2.1973822215376804,-1.6168928796141069,-1.1769989831417914e-30,-1.2458316984104912e-29
31.555,0.1757995361790891,2.1799758847888473,-1.6155223778376822,0.8893795533638471,0.0859945731425717
31.605,0.17449188892797157,2.136480665086376,-1.6126707210472082,0.8692454684408664,0.05380560035432942
31.655,0.17430697480742416,2.127725736317654,-1.6116386063792452,0.019426697563854893,0.08430513657176836
31.705,0.17428740193929357,2.127466245907631,-1.6106520654592953,3.1300796477677685e-18,-7.529653983647954e-17
31.755,0.1734648889889611,2.095466451640849,-1.6088324782813266,0.822108021408792,0.08896766176843043
31.805,0.17243016014297863,2.0553207078287277,-1.6065208419512695,0.8021533556510553,0.04278058730678603
31.855,0.17229257275277177,2.0470726979986,-1.6055022979286047,0.026665259149055622,0.09000307362497195
31.905,0.17226786230329638,2.046577835343203,-1.6043704025640053,0.007045918098923576,-1.4703863127071435e-16
31.955,0.17163804639958538,2.0175088382195994,-1.602860877519334,0.7474819855759327,0.09457839044042934
32.005,0.17083721478758468,1.9810842602930445,-1.6008714799414256,0.7276704192909044,0.03408723720253194
32.055,0.1707389336717622,1.9734378148083438,-1.5998606072189263,0.033539280979340905,0.09495800758049158
32.105,0.17071153196170702,1.972670254558549,-1.5985919031055462,0.013933883075450426,0.0010638777762643752
32.155,0.17024499379635039,1.946134606485829,-1.597273254898204,0.6831638622888433,0.09925969544952354
32.205,0.1696445979354021,1.9129189292900985,-1.5954703882056727,0.6634484943916528,0.02702207965456802
32.255,0.16957491395236735,1.9055602972373011,-1.594445621319682,0.04141630703093144,0.09869637716723309
32.305,0.16954610150410415,1.9044210433758344,-1.5930719106395816,0.02182116377982526,0.0025024376144495404
32.355,0.1692250654959748,1.8803167197075834,-1.5919287578286674,0.62101232652447,0.09940690769464772
32.405,0.16880597273042,1.8502037484602833,-1.590315603922947,0.6013494038441217,0.01986048652952599
32.455,0.16876165454728226,1.8431777651760353,-1.5892964851134364,0.048422530018811666,0.10074785746913381
32.505,0.1687354761517551,1.841688036152263,-1.587861397578312,0.02882537739899904,0.004543989236823143
32.555,0.16852109357436817,1.8194510093528202,-1.5868342925742303,0.5720777067873087,0.09912393015561666
32.605,0.16823874086852483,1.7917816196058605,-1.5853412337119936,0.5524468188172469,0.013975735863895816
32.655,0.16821172346043065,1.7850339570284723,-1.5844071702517064,0.055831273806131176,0.09968882038469179
32.705,0.16818971020477672,1.7831736380705738,-1.5830039727862963,0.036232727263891075,0.0034780189224708513
32.755,0.16805276942178915,1.7624824619474861,-1.5820217830226864,0.5317584669423293,0.09945586432890033
32.805,0.16787482136527906,1.736827102299457,-1.5805821795621813,0.5121471538913999,0.009345949294136551
32.855,0.16768831530868783,1.7083245931905315,-1.5631944936439073,0.6839067071755547,0.9459087517244458
32.905,0.1684104120770032,1.6750706166001839,-1.520467773866593,0.6643042716082956,0.8497904530119476
32.955,0.17001006851443962,1.6491398035329028,-1.4856571371507536,0.5066967777232421,0.771811810691788
33.005,0.17243529803851693,1.6248535957649435,-1.4516145846352326,0.48722272510147613,0.6762327471399158
33.055,0.17690787167998828,1.5913762488001526,-1.4216602104172398,0.745663917573628,0.6930363991258721
33.105,0.1827970228138021,1.5554935982675386,-1.391519541017279,0.726362674388754,0.5983019001796988
33.155,0.18773114218789458,1.530280039429337,-1.3653364029339508,0.4835776769564882,0.61715886688587
33.205,0.19286005416123897,1.5075831426819777,-1.3389426910500575,0.46449439681208093,0.5234487666684585
33.255,0.2013271095773557,1.4733504198805898,-1.314985521119935,0.7890566163103306,0.5620499152701933
33.305,0.21124727337930876,1.4361936401486817,-1.2897905016943672,0.7674964507074268,0.5096257375066924
33.355,0.21742946997115756,1.415693428699912,-1.2686735151587825,0.36690404767244295,0.5058791443517223
33.405,0.22300259135349698,1.3991466112661866,-1.2477315027543923,0.34831419599413554,0.41456473045585274
33.455,0.23405279271856239,1.365611656923603,-1.225749238505694,0.824265991857626,0.4584999175065837
33.505,0.24734562763197238,1.3278627062606905,-1.2028242430319762,0.798918773672036,0.4584999175065469
33.555,0.2532438762490467,1.3129832002931416,-1.185562924434367,0.22128494221019718,0.41008227421101756
33.605,0.25744631564458925,1.3036821922841204,-1.1692568785655602,0.20324245879949138,0.3214454775813295
33.655,0.27167185030219765,1.269922176581068,-1.1517844961601456,0.8946036183299453,0.36808997092609846
33.705,0.2891797308419899,1.2301010456160932,-1.1333799978216434,0.8685403818132253,0.368089970926062
33.755,0.2933384201109206,1.2212174492399237,-1.12182288702843,0.039233165008035406,0.3306822661453641
33.805,0.2941954091712755,1.2199183984885988,-1.1113570666228507,0.03044927995027603,0.20297277737994887
33.855,0.31168905359114474,1.1842635294857917,-1.0980353903682583,1.0161103561621725,0.30153227517357817
33.905,0.33410986868229003,1.14007423533714,-1.0829587767238116,0.9896052862455551,0.30153227517354186
33.955,0.3388593167111198,1.1311523551364369,-1.0742689099285438,0.016906234675039856,0.2757714581847676
34.005,0.3392617273461375,1.1308195157787841,-1.066535929434089,0.00832598591870867,0.14861293345614376
34.055,0.3570260653294066,1.0983404314584249,-1.0556091254164537,0.9554420161885158,0.25543081251977384
34.105,0.3798017985946657,1.057796970394134,-1.0428375848599043,0.9286337777055601,0.25543081251973787
34.155,0.38470657864782326,1.049474822768276,-1.0361015782600447,0.02234367452703691,0.23433613117132912
34.205,0.3852408307603038,1.048978457912503,-1.0302694147753455,0.013940756742117678,0.10781259598062144
34.255,0.40238919668624434,1.020150613552337,-1.0211899163495646,0.8689680071649221,0.21763405415080772
34.305,0.4242822917097878,0.9841113008407616,-1.0103082136849746,0.8419454444633553,0.2176340541507721
34.355,0.42905665231204904,0.9765394704821221,-1.0050463652128063,0.02989708427693836,0.19993733721313978
34.405,0.42974765682221416,0.9757622992965959,-1.0005638519157734,0.021647659650817996,0.07405951912806838
34.455,0.4461864766714113,0.9498655486738283,-0.9928739665766798,0.7919371468803529,0.1852119063902663
34.505,0.46698474729951744,0.9176946195207608,-0.9836133712836389,0.7647599263993627,0.18521190639023102
34.555,0.4717182188802874,0.9106107041219172,-0.9791462174870078,0.03907470879699522,0.1696916003650657
34.605,0.47259165092006594,0.9095555864578814,-0.9754961338440361,0.028994271067116655,0.05419582772147305
34.655,0.4881282753766965,0.8863742030023405,-0.9689744989082006,0.7228269742412919,0.15563383084624033
34.705,0.507732592073882,0.8575648128176552,-0.9611928073815961,0.6955347030479018,0.15563383084620525
34.755,0.512369190466575,0.8509143087088901,-0.95716457773896,0.05069681115404834,0.14146486607040748
34.805,0.5134335297952217,0.8495456925770286,-0.9537986864705564,0.0342788977629907,0.06003191340347448
34.855,0.5280435236946958,0.8287358696518532,-0.948360980106852,0.6595045933730622,0.12690278400745877
34.905,0.5463919171388636,0.8029149190181435,-0.9420158409149946,0.6321247273358964,0.12690278400742394
34.955,0.5509706415290597,0.7967076101223057,-0.9382589642162261,0.06170741897079872,0.11269103236736161
35.005,0.5522971751954276,0.7951492388105297,-0.9349271053540583,0.040118110323478215,0.06064711041741586
35.055,0.5659598955617482,0.7764736943102822,-0.9307007333532485,0.6045449483192189,0.09754243902044801
35.105,0.5831205826601832,0.7531895047173113,-0.9258236114060926,0.5770989522248353,0.0975424390204134
35.155,0.5875648643623683,0.7471577554052407,-0.9225534002223765,0.072796176081527,0.08220017480668185
35.205,0.5890394043018319,0.7451893225557787,-0.9195299440536343,0.04794214046429758,0.059360445674015765
35.255,0.601753152803443,0.728291223023251,-0.9165941643685955,0.5488357619885073,0.06255167051090746
35.305,0.617542981343435,0.7074629737920426,-0.9134665808440703,0.5213440472786096,0.062551670510873
35.355,0.6218879290646195,0.7015357619532256,-0.9108482503211993,0.08557497849386475,0.0533522115150693
35.405,0.6236090019901751,0.6990885432044447,-0.9083188959455627,0.05806552476874274,0.05335221151503492
35.455,0.6356187145357033,0.6834192877385455,-0.9063316079534829,0.5114930026081385,0.03804402527132794
35.505,0.6504702613877418,0.6642263277073922,-0.9044294066901456,0.4839705453480984,0.03804402527129357
35.555,0.6549556654991918,0.6582168558135917,-0.9031433784958268,0.09910186604994486,0.022639698542262332
35.605,0.6570939939372963,0.6552578466939474,-0.9020113935687618,0.07157153602427345,0.022639698542228012
35.655,0.6680715929797166,0.6410754347491303,-0.9016422751144475,0.4631406532633927,0.003568036722546644
35.705,0.6815064629207682,0.623844112810686,-0.9014638732783191,0.4356085604422417,0.0035680367225123626
35.755,0.6860533306831356,0.6177992896999942,-0.9015986490216097,0.11283545608526277,-0.004261402762890873
35.805,0.6886219416897398,0.6143050978744572,-0.901811719159754,0.0853044804184891,-0.004261402762925199
35.855,0.6989345465588896,0.6009568509996609,-0.9025220147157291,0.43303763757795005,-0.01669203820905152
35.905,0.7114152144965334,0.5848898772342157,-0.9033566166261618,0.4055116394503545,-0.016692038209085856
35.955,0.7161123132179762,0.5786244585660798,-0.9045573386845628,0.12701701409617733,-0.025845041909297137
36.005,0.7191042873947519,0.5745611045614496,-0.9058495907799551,0.09949925427205203,-0.025845041909331495
36.055,0.7285600360973071,0.562175474098263,-0.9075315475668211,0.39733329570680964,-0.03558765919845253
36.105,0.7398518797876821,0.5474448536911888,-0.9093109305265558,0.3698272184798483,-0.03558765919848697
36.155,0.7446366993145124,0.5409726275249069,-0.9115237700997851,0.14136603337907758,-0.046424074540403454
36.205,0.7480311789576453,0.5363133598574682,-0.9138449738263884,0.11387577986114865,-0.046424074540437905
36.255,0.7565754654955987,0.5248747071882207,-0.9167926046927987,0.36442514681345084,-0.05842763138617595
36.305,0.7667161824683687,0.5113339740431984,-0.9197139862612761,0.33695616867733624,-0.05842763138621051
36.355,0.7715559918120778,0.5046198450854963,-0.9231523494047342,0.155224569893576,-0.07135217077432214
36.405,0.7753003399935822,0.49935586977606716,-0.9267199579419366,0.12778227902718975,-0.0713521707743568
36.455,0.7831231433130488,0.488530791266231,-0.9308880459902233,0.33448279080635723,-0.08636415857483519
36.505,0.7921599372229118,0.47603273811266367,-0.9352062539162808,0.30707453991691813,-0.08636415857486995
36.555,0.7970205989192023,0.4690266336821654,-0.9401513673814273,0.16886659200009824,-0.1020367970868781
36.605,0.8010571958673712,0.4631302898321655,-0.945253207231345,0.14150131433992066,-0.10203679708691295
36.655,0.808095828166732,0.45290869565169695,-0.9510825664840528,0.307308580743774,-0.12022478221293434
36.705,0.8160650107998696,0.44131442579669083,-0.9570938055874589,0.2799973347508756,-0.12022478221296937
36.755,0.8208891902178517,0.43397150190769634,-0.9639265021942491,0.1819165899115557,-0.14120207308454769
36.805,0.8251334377455193,0.4274192161281971,-0.9709612967063586,0.15467367934501433,-0.14120207308458277
36.855,0.831381862931643,0.4177097694660961,-0.9789421438063568,0.28218596314274946,-0.16461223583120677
36.905,0.8382915602310173,0.4069106989859665,-0.9871727555793313,0.2550293342194865,-0.1646122358312421
36.955,0.8430918598702998,0.3991934653206758,-0.9959095595971987,0.19405836186213418,-0.19244324598111345
37.005,0.8475453049816204,0.39196645062154223,-1.0048254182256509,0.16847454750545496,-0.17771278463454893
37.055,0.8530684319040545,0.3826914595238168,-1.0153796038549154,0.2590025987768354,-0.22712907774810837
37.105,0.8589632218874045,0.37259481773647135,-1.0265398563781647,0.23208535631336435,-0.2271290777481442
37.155,0.8638173846013368,0.3644797013238881,-1.0370845251956693,0.2048889126962984,-0.26361023332666644
37.205,0.8685258298891405,0.3565736473867728,-1.0477981147351922,0.18301346061050106,-0.21072409191053446
37.255,0.8737139646075206,0.3476439313110817,-1.0601521714386821,0.23798813472428734,-0.3168253805651049
37.305,0.8790206887512697,0.3381693965432632,-1.0734776531420784,0.21608611632488545,-0.2638383600445558
37.355,0.8838158384477062,0.32968407431063085,-1.0883389396783902,0.2133950246932196,-0.3836599734497361
37.405,0.88853078703775,0.3211388827425741,-1.1040847169172672,0.19500808606029926,-0.30437830372081615
37.455,0.8933060159185726,0.3125162314653327,-1.1218706649591668,0.2189602880046094,-0.4658336732832016
37.505,0.8979970149221729,0.30355585704850313,-1.1410339202337147,0.20114070476995827,-0.37845462659280693
37.555,0.9024985130662989,0.2945994804958749,-1.162759303221309,0.2186382822019506,-0.5649473817653754
37.605,0.9067615683546316,0.2853856606501232,-1.1864779886256056,0.20137366394134754,-0.47194375151455453
37.655,0.9108201621110691,0.275935206654413,-1.2132154889321334,0.2206625373744565,-0.6892391129922435
37.705,0.9145880216059888,0.26615244962342316,-1.2420614278635271,0.20970647003670334,-0.5680239687185882
37.755,0.9180269020862476,0.2564245285411273,-1.2746039565807035,0.21782259304083176,-0.8181445473452312
37.805,0.921091323717388,0.24644652950032758,-1.3094859144601168,0.208349185334444,-0.6910130596231052
37.855,0.9237892640776414,0.23650060153661703,-1.349526216156979,0.21705525158390182,-0.9779231682940547
37.905,0.9260274798959746,0.22634753398330776,-1.3924394079283537,0.20740174220635046,-0.8524746299907754
37.955,0.9277500611617718,0.21666735534091158,-1.4379856733262497,0.20544780228611023,-1.073652567122589
38.005,0.9289563064203783,0.20693256506124694,-1.4858084690594944,0.19567278457065104,-0.9511246276193099
38.055,0.9296777827399745,0.19760627081716683,-1.531676405301119,0.193052357790112,-1.0484479255180208
38.105,0.9299140228932663,0.1882180755497759,-1.5779691860991338,0.19108329406226182,-0.9117630579103236
38.155,0.9297411389842298,0.179296714135366,-1.6221140030019712,0.1778455966260811,-1.024932194251337
38.205,0.9291585243993112,0.17077811684404598,-1.667356665629238,0.16808310010441566,-0.9023680454208647
38.255,0.9282221803500541,0.16272472541470023,-1.710959449539267,0.17224832079880592,-1.0111060972026171
38.305,0.9268991047329984,0.1546808010468288,-1.7555895352367512,0.1626075233707551,-0.8857492272525659
38.355,0.9253414040957693,0.14739538328881227,-1.7981044954579033,0.15700519482783482,-0.9910278682109457
38.405,0.9234676264590997,0.14023819527705095,-1.8416340996950418,0.1475557723138304,-0.8638880498788165
38.455,0.9213943313595536,0.13363360538834737,-1.8830425658357486,0.14193408426786253,-0.9679011375008542
38.505,0.9191245295786417,0.12737575991316816,-1.925365272381553,0.1327379760989944,-0.8399317466088638
38.555,0.9166787511414582,0.12154426617593252,-1.965837093414776,0.13535097946588115,-0.9538539459186797
38.605,0.9139928220985178,0.11579859745429691,-2.0074498668356977,0.12646521335581207,-0.8259440877897523
38.655,0.9111847826526394,0.11050746425974817,-2.0474681532200343,0.1285048484541138,-0.945644386964668
38.705,0.9081630372194001,0.10530315823185889,-2.088703577201345,0.11998512393835592,-0.8186428311456361
38.755,0.9052809286876263,0.10092472155879038,-2.1283046369590597,0.11090849618361628,-0.9356735451344729
38.805,0.9022869602372897,0.09672294837129133,-2.169113842141259,0.1028067362653475,-0.8103969485369453
38.855,0.8991505170751913,0.09278805459410548,-2.208566945484954,0.10937953979576541,-0.93170967123642
38.905,0.8958387937457791,0.08860227211693694,-2.2489364900836004,0.10937551264717446,-0.7964874891369492
38.955,0.893370284850042,0.08559922764530298,-2.287411120223111,0.07002082965044441,-0.9233871356571209
39.005,0.8910380364142246,0.08298843562643181,-2.3271265114332516,0.07001830744928145,-0.7873913967520887
39.055,0.8877020712524243,0.07953315251982063,-2.3653932369462582,0.10257395878612624,-0.9213893838416173
39.105,0.8839981081728677,0.07598623392257235,-2.405001570199445,0.10257028810633137,-0.7854500087812047
39.155,0.8824441982750398,0.07458669129364617,-2.4433551429015523,0.026395173050496504,-0.9236927913375503
39.205,0.8814228349263288,0.07375102291178845,-2.4831107609787417,0.026394221669770436,-0.7886374441046823
39.255,0.8780881351424639,0.07109090229529755,-2.5218063718008175,0.10404287283494723,-0.924782634823593
39.305,0.8742813456572225,0.06812340772823239,-2.562108516468765,0.09583896455166116,-0.799258201086361
39.355,0.8724558396480849,0.06668809517652016,-2.6011666454134845,-0.02542877818194024,-0.9342661296029762
39.405,0.8735542498124212,0.06732826891106171,-2.6416354673180495,-0.02542783140890283,-0.8035231336257506
39.455,0.8702124626313122,0.06536269225902856,-2.6812390913501947,0.10688727074863577,-0.9434020261814088
39.505,0.8658599848118504,0.06305074008212584,-2.7223377883158966,0.0979319551029489,-0.8154486343483605
39.555,0.8672182411705004,0.06371273643234067,-2.7611686941397995,-0.07576202108601514,-0.9226768813154412
39.605,0.8702872338768259,0.0650747470603115,-2.801221770623286,-0.06652148319616018,-0.7947306053832671
39.655,0.8663983656567271,0.06368517787213174,-2.834037141009817,0.12382332573627293,-0.7775219003478591
39.705,0.8609444998120896,0.06187186840467511,-2.8668559696899063,0.11438776016537365,-0.6501993631182018
39.755,0.8644578442869224,0.06286736901432621,-2.892902911612697,-0.1338121956222096,-0.6438487005093565
39.805,0.8704901740320247,0.06446106131779501,-2.919078507412118,-0.12425160870204414,-0.5174259082751137
39.855,0.8657178515329927,0.06329999601363605,-2.9410872069682914,0.1726019513273597,-0.5370276131488476
39.905,0.8581799954974453,0.06164051994152222,-2.9634520338192485,0.15331009441420151,-0.4423766544937971
39.955,0.8644466674193096,0.06279037852934727,-2.9807627553095197,-0.21521775424177156,-0.4347956035642959
40.005,0.8741466336378668,0.06445661941058117,-2.9979863297195704,-0.19581795373051483,-0.33959599813955843
40.055,0.8670301747020536,0.0634142178663195,-3.0109623552664457,0.24541952038004647,-0.35498429074191346
40.105,0.855788421833746,0.061865430936268784,-3.0241771154674795,0.22595334499084677,-0.25944661727934515
40.155,0.8533438197955606,0.06151087842454574,-3.0346525065714025,-0.22958343534870193,-0.26615220679125695
40.205,0.8638295872967257,0.06270586058251955,-3.0434141892745705,-0.21007728573235146,-0.17040778254343725
40.255,0.8565672671939012,0.0619724558443184,-3.0501842343200853,0.2528049978914404,-0.24016591527518483
40.305,0.8449082684264656,0.060848026530539875,-3.0576458640892348,0.23327357995788472,-0.1442942992538115
40.355,0.8512681748420463,0.06131824559313756,-3.0614279357351433,-0.23574955673474393,-0.16171846422153802
40.405,0.8620878605397817,0.06216303878559141,-3.0653677470592444,-0.21620634517278436,-0.06578350121662876
40.455,0.8547734723630318,0.06173568767009333,-3.0675216137162327,0.2553322621074945,-0.12208650762163334
40.505,0.8429721877701869,0.061001976802788384,-3.0700376702244503,0.23564104683675016,-0.03548076383672046
40.555,0.849439217604065,0.061180336924732716,-3.0708357124825176,-0.2389498508233982,-0.059291224397412745
40.605,0.8604260227732328,0.061572386518090556,-3.0717360417546042,-0.21866884750347404,-0.0136008294410251
40.655,0.8530533216619168,0.061424853179046196,-3.07200500663496,0.25751964442215947,-0.016138220327222896
40.705,0.841139415330913,0.06118832991764096,-3.072369476103608,0.23680148101925952,-0.0022403493098060233
40.755,0.8475796937205696,0.06137328560686278,-3.071970304768637,-0.2387906704079772,0.03637369527248635
40.805,0.8585591684605947,0.0616518188815193,-3.0713693914938305,-0.2182781647408429,0.006501206578763189
40.855,0.8511879870726254,0.06122853912923524,-3.0701895468140576,0.25855073541225676,0.09195520141373265
40.905,0.8392248230992664,0.06062851238331914,-3.0685468647584613,0.2385374959431114,0.026647587549695945
40.955,0.8455604579238004,0.0611426431952742,-3.066222123389475,-0.23648552788844246,0.14024735031113147
41.005,0.8564193617347542,0.06190728515084409,-3.0631135895791273,-0.21694578411244655,0.04432229689961298
41.055,0.8489926711643541,0.061216095812055685,-3.058545122393007,0.2584183629059215,0.2065021259315885
41.105,0.8370491788436183,0.060143341444781735,-3.0526725227699503,0.2388954876603043,0.11065756865207428
41.155,0.843201826912206,0.06077399189210065,-3.045799535605286,-0.23085717838240197,0.255900277092618
41.205,0.8537579552696001,0.061906581531588074,-3.037552449669096,-0.21136269025970217,0.16019206301594685
41.255,0.8463861152296672,0.06104323602173757,-3.027415504106347,0.2583124200874663,0.32664060387542115
41.305,0.8344910747924608,0.05952532593653096,-3.0156215671964737,0.2388667713295075,0.23116769685228195
41.355,0.8402271896009658,0.06036466711997847,-3.0030182345042236,-0.22154326082498332,0.3725218791426905
41.405,0.8502602992013156,0.06194257828681423,-2.988915065664156,-0.20217012773501028,0.27739851897208995
41.455,0.8428128621533123,0.06064915092358743,-2.9724699707519715,0.25716331591686953,0.45457367716902347
41.505,0.8310818250268112,0.058412958255103085,-2.9542407483018307,0.23790420466765422,0.36000122678233815
41.555,0.8361926669007912,0.059550537352863024,-2.9352270272536964,-0.20788713760036948,0.49842731921985534
41.605,0.8454214681203052,0.06174535466230151,-2.9147713030682034,-0.18878708903968464,0.40462250107643144
41.655,0.8381791897031261,0.05985571228645403,-2.891205721695389,0.255026099649595,0.6002967229471872
41.705,0.8267826675945513,0.05659706626818274,-2.865607029242859,0.23616397200941575,0.5076430262228808
41.755,0.8313641650667336,0.058049952780933715,-2.84013381870961,-0.18927449130373958,0.6459252234066815
41.805,0.8398291819646028,0.06093482508969368,-2.813598714603241,-0.17999379428083062,0.518107405400636
41.855,0.8324772445066788,0.05818517296072804,-2.7829796251485166,0.25170055639968675,0.7731759330927728
41.905,0.8212840920152954,0.05364660724437622,-2.7500928249457304,0.2426358154872808,0.6451264844119527
41.955,0.8175411040243139,0.05207429835848824,-2.7175404901575924,-0.16547227127434808,0.8268085741042612
42.005,0.8245778319612544,0.05556168998035737,-2.6822737216529635,-0.15668325788580162,0.6990732823567005
42.055,0.8177153710011504,0.05185241146916715,-2.637796441650109,0.24675085885747206,1.0917788318208406
42.105,0.8074698961784286,0.045732062789656726,-2.5892318535742556,0.23839535267803433,0.9653993481398122
42.155,0.8095743896679033,0.04733738836237244,-2.5402917206038316,-0.1330880858129385,1.1314577585849233
42.205,0.8145869286559628,0.05118880835936858,-2.48969068418173,-0.1320902025169913,0.9981345797888982
42.255,0.8083808779409879,0.04590547675699469,-2.4321682226849695,0.24377255730334502,1.3342328648270412
42.305,0.7995530787704904,0.03779042451414759,-2.3715044618159347,0.24375319517127103,1.1981940081554154
42.355,0.8002995967299683,0.03867388555974339,-2.3118477189609123,-0.08974310487439902,1.3534240140340146
42.405,0.8032635307886146,0.042041829522953884,-2.250624071007815,-0.08973577051168591,1.218013435620501
42.455,0.7980730968012492,0.035652626787625846,-2.1887036510607674,0.23631790420966886,1.3919497221854003
42.505,0.7914246143804334,0.026352710135592705,-2.1250567362485397,0.2279643765993794,1.2658847660639145
42.555,0.7910018593773768,0.025946893280041804,-2.0629412911550564,-0.041930749416167264,1.3915972684451299
42.605,0.7919549718420695,0.02738166395774618,-1.9994323296545289,-0.03301365596855617,1.263712214186165
