t,mission_id,point_idx,x,y
1.0,1,0,3.0,0.0
1.0,1,1,5.0,1.0
1.0,1,2,5.0,4.0
1.0,1,3,3.0,5.0
1.0,1,4,1.0,5.0
1.0,1,5,0.0,4.0
1.0,1,6,0.0,1.0
1.0,1,7,1.0,0.0
2.0,2,0,3.0,0.0
2.0,2,1,5.0,1.0
2.0,2,2,5.0,4.0
2.0,2,3,3.0,5.0
2.0,2,4,1.0,5.0
2.0,2,5,0.0,4.0
2.0,2,6,0.0,1.0
2.0,2,7,1.0,0.0
3.0,3,0,3.0,0.0
3.0,3,1,5.0,1.0
3.0,3,2,5.0,4.0
3.0,3,3,3.0,5.0
3.0,3,4,1.0,5.0
3.0,3,5,0.0,4.0
3.0,3,6,0.0,1.0
3.0,3,7,1.0,0.0
4.0,4,0,3.0,0.0
4.0,4,1,5.0,1.0
4.0,4,2,5.0,4.0
4.0,4,3,3.0,5.0
4.0,4,4,1.0,5.0
4.0,4,5,0.0,4.0
4.0,4,6,0.0,1.0
4.0,4,7,1.0,0.0
5.0,5,0,3.0,0.0
5.0,5,1,5.0,1.0
5.0,5,2,5.0,4.0
5.0,5,3,3.0,5.0
5.0,5,4,1.0,5.0
5.0,5,5,0.0,4.0
5.0,5,6,0.0,1.0
5.0,5,7,1.0,0.0
6.0,6,0,3.0,0.0
6.0,6,1,5.0,1.0
6.0,6,2,5.0,4.0
6.0,6,3,3.0,5.0
6.0,6,4,1.0,5.0
6.0,6,5,0.0,4.0
6.0,6,6,0.0,1.0
6.0,6,7,1.0,0.0
7.0,7,0,3.0,0.0
7.0,7,1,5.0,1.0
7.0,7,2,5.0,4.0
7.0,7,3,3.0,5.0
7.0,7,4,1.0,5.0
7.0,7,5,0.0,4.0
7.0,7,6,0.0,1.0
7.0,7,7,1.0,0.0
8.0,8,0,3.0,0.0
8.0,8,1,5.0,1.0
8.0,8,2,5.0,4.0
8.0,8,3,3.0,5.0
8.0,8,4,1.0,5.0
8.0,8,5,0.0,4.0
8.0,8,6,0.0,1.0
8.0,8,7,1.0,0.0
9.0,9,0,3.0,0.0
9.0,9,1,5.0,1.0
9.0,9,2,5.0,4.0
9.0,9,3,3.0,5.0
9.0,9,4,1.0,5.0
9.0,9,5,0.0,4.0
9.0,9,6,0.0,1.0
9.0,9,7,1.0,0.0
10.0,10,0,3.0,0.0
10.0,10,1,5.0,1.0
10.0,10,2,5.0,4.0
10.0,10,3,3.0,5.0
10.0,10,4,1.0,5.0
10.0,10,5,0.0,4.0
10.0,10,6,0.0,1.0
10.0,10,7,1.0,0.0
11.0,11,0,3.0,0.0
11.0,11,1,5.0,1.0
11.0,11,2,5.0,4.0
11.0,11,3,3.0,5.0
11.0,11,4,1.0,5.0
11.0,11,5,0.0,4.0
11.0,11,6,0.0,1.0
11.0,11,7,1.0,0.0
12.0,12,0,3.0,0.0
12.0,12,1,5.0,1.0
12.0,12,2,5.0,4.0
12.0,12,3,3.0,5.0
12.0,12,4,1.0,5.0
12.0,12,5,0.0,4.0
12.0,12,6,0.0,1.0
12.0,12,7,1.0,0.0
13.0,13,0,3.0,0.0
13.0,13,1,5.0,1.0
13.0,13,2,5.0,4.0
13.0,13,3,3.0,5.0
13.0,13,4,1.0,5.0
13.0,13,5,0.0,4.0
13.0,13,6,0.0,1.0
13.0,13,7,1.0,0.0
14.0,14,0,3.0,0.0
14.0,14,1,5.0,1.0
14.0,14,2,5.0,4.0
14.0,14,3,3.0,5.0
14.0,14,4,1.0,5.0
14.0,14,5,0.0,4.0
14.0,14,6,0.0,1.0
14.0,14,7,1.0,0.0
15.0,15,0,3.0,0.0
15.0,15,1,5.0,1.0
15.0,15,2,5.0,4.0
15.0,15,3,3.0,5.0
15.0,15,4,1.0,5.0
15.0,15,5,0.0,4.0
15.0,15,6,0.0,1.0
15.0,15,7,1.0,0.0
16.0,16,0,3.0,0.0
16.0,16,1,5.0,1.0
16.0,16,2,5.0,4.0
16.0,16,3,3.0,5.0
16.0,16,4,1.0,5.0
16.0,16,5,0.0,4.0
16.0,16,6,0.0,1.0
16.0,16,7,1.0,0.0
17.0,17,0,3.0,0.0
17.0,17,1,5.0,1.0
17.0,17,2,5.0,4.0
17.0,17,3,3.0,5.0
17.0,17,4,1.0,5.0
17.0,17,5,0.0,4.0
17.0,17,6,0.0,1.0
17.0,17,7,1.0,0.0
18.0,18,0,3.0,0.0
18.0,18,1,5.0,1.0
18.0,18,2,5.0,4.0
18.0,18,3,3.0,5.0
18.0,18,4,1.0,5.0
18.0,18,5,0.0,4.0
18.0,18,6,0.0,1.0
18.0,18,7,1.0,0.0
19.0,19,0,3.0,0.0
19.0,19,1,5.0,1.0
19.0,19,2,5.0,4.0
19.0,19,3,3.0,5.0
19.0,19,4,1.0,5.0
19.0,19,5,0.0,4.0
19.0,19,6,0.0,1.0
19.0,19,7,1.0,0.0
20.0,20,0,3.0,0.0
20.0,20,1,5.0,1.0
20.0,20,2,5.0,4.0
20.0,20,3,3.0,5.0
20.0,20,4,1.0,5.0
20.0,20,5,0.0,4.0
20.0,20,6,0.0,1.0
20.0,20,7,1.0,0.0
21.0,21,0,3.0,0.0
21.0,21,1,5.0,1.0
21.0,21,2,5.0,4.0
21.0,21,3,3.0,5.0
21.0,21,4,1.0,5.0
21.0,21,5,0.0,4.0
21.0,21,6,0.0,1.0
21.0,21,7,1.0,0.0
22.0,22,0,3.0,0.0
22.0,22,1,5.0,1.0
22.0,22,2,5.0,4.0
22.0,22,3,3.0,5.0
22.0,22,4,1.0,5.0
22.0,22,5,0.0,4.0
22.0,22,6,0.0,1.0
22.0,22,7,1.0,0.0
23.0,23,0,3.0,0.0
23.0,23,1,5.0,1.0
23.0,23,2,5.0,4.0
23.0,23,3,3.0,5.0
23.0,23,4,1.0,5.0
23.0,23,5,0.0,4.0
23.0,23,6,0.0,1.0
23.0,23,7,1.0,0.0
24.0,24,0,3.0,0.0
24.0,24,1,5.0,1.0
24.0,24,2,5.0,4.0
24.0,24,3,3.0,5.0
24.0,24,4,1.0,5.0
24.0,24,5,0.0,4.0
24.0,24,6,0.0,1.0
24.0,24,7,1.0,0.0
25.0,25,0,3.0,0.0
25.0,25,1,5.0,1.0
25.0,25,2,5.0,4.0
25.0,25,3,3.0,5.0
25.0,25,4,1.0,5.0
25.0,25,5,0.0,4.0
25.0,25,6,0.0,1.0
25.0,25,7,1.0,0.0
26.0,26,0,3.0,0.0
26.0,26,1,5.0,1.0
26.0,26,2,5.0,4.0
26.0,26,3,3.0,5.0
26.0,26,4,1.0,5.0
26.0,26,5,0.0,4.0
26.0,26,6,0.0,1.0
26.0,26,7,1.0,0.0
27.0,27,0,3.0,0.0
27.0,27,1,5.0,1.0
27.0,27,2,5.0,4.0
27.0,27,3,3.0,5.0
27.0,27,4,1.0,5.0
27.0,27,5,0.0,4.0
27.0,27,6,0.0,1.0
27.0,27,7,1.0,0.0
28.0,28,0,3.0,0.0
28.0,28,1,5.0,1.0
28.0,28,2,5.0,4.0
28.0,28,3,3.0,5.0
28.0,28,4,1.0,5.0
28.0,28,5,0.0,4.0
28.0,28,6,0.0,1.0
28.0,28,7,1.0,0.0
29.0,29,0,3.0,0.0
29.0,29,1,5.0,1.0
29.0,29,2,5.0,4.0
29.0,29,3,3.0,5.0
29.0,29,4,1.0,5.0
29.0,29,5,0.0,4.0
29.0,29,6,0.0,1.0
29.0,29,7,1.0,0.0
30.0,30,0,3.0,0.0
30.0,30,1,5.0,1.0
30.0,30,2,5.0,4.0
30.0,30,3,3.0,5.0
30.0,30,4,1.0,5.0
30.0,30,5,0.0,4.0
30.0,30,6,0.0,1.0
30.0,30,7,1.0,0.0
31.0,31,0,3.0,0.0
31.0,31,1,5.0,1.0
31.0,31,2,5.0,4.0
31.0,31,3,3.0,5.0
31.0,31,4,1.0,5.0
31.0,31,5,0.0,4.0
31.0,31,6,0.0,1.0
31.0,31,7,1.0,0.0
32.0,32,0,3.0,0.0
32.0,32,1,5.0,1.0
32.0,32,2,5.0,4.0
32.0,32,3,3.0,5.0
32.0,32,4,1.0,5.0
32.0,32,5,0.0,4.0
32.0,32,6,0.0,1.0
32.0,32,7,1.0,0.0
33.0,33,0,3.0,0.0
33.0,33,1,5.0,1.0
33.0,33,2,5.0,4.0
33.0,33,3,3.0,5.0
33.0,33,4,1.0,5.0
33.0,33,5,0.0,4.0
33.0,33,6,0.0,1.0
33.0,33,7,1.0,0.0
34.0,34,0,3.0,0.0
34.0,34,1,5.0,1.0
34.0,34,2,5.0,4.0
34.0,34,3,3.0,5.0
34.0,34,4,1.0,5.0
34.0,34,5,0.0,4.0
34.0,34,6,0.0,1.0
34.0,34,7,1.0,0.0
35.0,35,0,3.0,0.0
35.0,35,1,5.0,1.0
35.0,35,2,5.0,4.0
35.0,35,3,3.0,5.0
35.0,35,4,1.0,5.0
35.0,35,5,0.0,4.0
35.0,35,6,0.0,1.0
35.0,35,7,1.0,0.0
36.0,36,0,3.0,0.0
36.0,36,1,5.0,1.0
36.0,36,2,5.0,4.0
36.0,36,3,3.0,5.0
36.0,36,4,1.0,5.0
36.0,36,5,0.0,4.0
36.0,36,6,0.0,1.0
36.0,36,7,1.0,0.0
37.0,37,0,3.0,0.0
37.0,37,1,5.0,1.0
37.0,37,2,5.0,4.0
37.0,37,3,3.0,5.0
37.0,37,4,1.0,5.0
37.0,37,5,0.0,4.0
37.0,37,6,0.0,1.0
37.0,37,7,1.0,0.0
38.0,38,0,3.0,0.0
38.0,38,1,5.0,1.0
38.0,38,2,5.0,4.0
38.0,38,3,3.0,5.0
38.0,38,4,1.0,5.0
38.0,38,5,0.0,4.0
38.0,38,6,0.0,1.0
38.0,38,7,1.0,0.0
39.0,39,0,3.0,0.0
39.0,39,1,5.0,1.0
39.0,39,2,5.0,4.0
39.0,39,3,3.0,5.0
39.0,39,4,1.0,5.0
39.0,39,5,0.0,4.0
39.0,39,6,0.0,1.0
39.0,39,7,1.0,0.0
40.0,40,0,3.0,0.0
40.0,40,1,5.0,1.0
40.0,40,2,5.0,4.0
40.0,40,3,3.0,5.0
40.0,40,4,1.0,5.0
40.0,40,5,0.0,4.0
40.0,40,6,0.0,1.0
40.0,40,7,1.0,0.0
41.0,41,0,3.0,0.0
41.0,41,1,5.0,1.0
41.0,41,2,5.0,4.0
41.0,41,3,3.0,5.0
41.0,41,4,1.0,5.0
41.0,41,5,0.0,4.0
41.0,41,6,0.0,1.0
41.0,41,7,1.0,0.0
42.0,42,0,3.0,0.0
42.0,42,1,5.0,1.0
42.0,42,2,5.0,4.0
42.0,42,3,3.0,5.0
42.0,42,4,1.0,5.0
42.0,42,5,0.0,4.0
42.0,42,6,0.0,1.0
42.0,42,7,1.0,0.0
